PMID,Title,Authors,Citation,First Author,Journal/Book,Publication Year,Create Date,PMCID,NIHMS ID,DOI
"33554649","Influence of glutamate and GABA transport on brain excitatory/inhibitory balance","Sears SM, Hewett SJ.","Exp Biol Med (Maywood). 2021 May;246(9):1069-1083. doi: 10.1177/1535370221989263. Epub 2021 Feb 7.","Sears SM","Exp Biol Med (Maywood)","2021","2021/02/08","PMC8113735","","10.1177/1535370221989263"
"28445465","Assembly of functionally integrated human forebrain spheroids","Birey F, Andersen J, Makinson CD, Islam S, Wei W, Huber N, Fan HC, Metzler KRC, Panagiotakos G, Thom N, O'Rourke NA, Steinmetz LM, Bernstein JA, Hallmayer J, Huguenard JR, Paşca SP.","Nature. 2017 May 4;545(7652):54-59. doi: 10.1038/nature22330. Epub 2017 Apr 26.","Birey F","Nature","2017","2017/04/27","PMC5805137","NIHMS865779","10.1038/nature22330"
"35110736","Autism genes converge on asynchronous development of shared neuron classes","Paulsen B, Velasco S, Kedaigle AJ, Pigoni M, Quadrato G, Deo AJ, Adiconis X, Uzquiano A, Sartore R, Yang SM, Simmons SK, Symvoulidis P, Kim K, Tsafou K, Podury A, Abbate C, Tucewicz A, Smith SN, Albanese A, Barrett L, Sanjana NE, Shi X, Chung K, Lage K, Boyden ES, Regev A, Levin JZ, Arlotta P.","Nature. 2022 Feb;602(7896):268-273. doi: 10.1038/s41586-021-04358-6. Epub 2022 Feb 2.","Paulsen B","Nature","2022","2022/02/03","PMC8852827","NIHMS1768558","10.1038/s41586-021-04358-6"
"38656256","Oxytocin, GABA, and dopamine interplay in autism","Havranek T, Bacova Z, Bakos J.","Endocr Regul. 2024 Apr 24;58(1):105-114. doi: 10.2478/enr-2024-0012. Print 2024 Jan 1.","Havranek T","Endocr Regul","2024","2024/04/24","","","10.2478/enr-2024-0012"
"35903003","Microbiota-derived metabolites as drivers of gut-brain communication","Ahmed H, Leyrolle Q, Koistinen V, Kärkkäinen O, Layé S, Delzenne N, Hanhineva K.","Gut Microbes. 2022 Jan-Dec;14(1):2102878. doi: 10.1080/19490976.2022.2102878.","Ahmed H","Gut Microbes","2022","2022/07/29","PMC9341364","","10.1080/19490976.2022.2102878"
"28229395","Transcranial Magnetic and Direct Current Stimulation in Children","Hameed MQ, Dhamne SC, Gersner R, Kaye HL, Oberman LM, Pascual-Leone A, Rotenberg A.","Curr Neurol Neurosci Rep. 2017 Feb;17(2):11. doi: 10.1007/s11910-017-0719-0.","Hameed MQ","Curr Neurol Neurosci Rep","2017","2017/02/24","PMC5962296","NIHMS952156","10.1007/s11910-017-0719-0"
"33875802","Mechanisms of synaptic transmission dysregulation in the prefrontal cortex: pathophysiological implications","Yan Z, Rein B.","Mol Psychiatry. 2022 Jan;27(1):445-465. doi: 10.1038/s41380-021-01092-3. Epub 2021 Apr 19.","Yan Z","Mol Psychiatry","2022","2021/04/20","PMC8523584","NIHMS1688780","10.1038/s41380-021-01092-3"
"32200800","Aralar Sequesters GABA into Hyperactive Mitochondria, Causing Social Behavior Deficits","Kanellopoulos AK, Mariano V, Spinazzi M, Woo YJ, McLean C, Pech U, Li KW, Armstrong JD, Giangrande A, Callaerts P, Smit AB, Abrahams BS, Fiala A, Achsel T, Bagni C.","Cell. 2020 Mar 19;180(6):1178-1197.e20. doi: 10.1016/j.cell.2020.02.044.","Kanellopoulos AK","Cell","2020","2020/03/24","","","10.1016/j.cell.2020.02.044"
"34882453","Mouse and human share conserved transcriptional programs for interneuron development","Shi Y, Wang M, Mi D, Lu T, Wang B, Dong H, Zhong S, Chen Y, Sun L, Zhou X, Ma Q, Liu Z, Wang W, Zhang J, Wu Q, Marín O, Wang X.","Science. 2021 Dec 10;374(6573):eabj6641. doi: 10.1126/science.abj6641. Epub 2021 Dec 10.","Shi Y","Science","2021","2021/12/09","PMC7618238","EMS209515","10.1126/science.abj6641"
"31474560","Complex Oscillatory Waves Emerging from Cortical Organoids Model Early Human Brain Network Development","Trujillo CA, Gao R, Negraes PD, Gu J, Buchanan J, Preissl S, Wang A, Wu W, Haddad GG, Chaim IA, Domissy A, Vandenberghe M, Devor A, Yeo GW, Voytek B, Muotri AR.","Cell Stem Cell. 2019 Oct 3;25(4):558-569.e7. doi: 10.1016/j.stem.2019.08.002. Epub 2019 Aug 29.","Trujillo CA","Cell Stem Cell","2019","2019/09/03","PMC6778040","NIHMS1537695","10.1016/j.stem.2019.08.002"
"34059669","Impaired calcium signaling in astrocytes modulates autism spectrum disorder-like behaviors in mice","Wang Q, Kong Y, Wu DY, Liu JH, Jie W, You QL, Huang L, Hu J, Chu HD, Gao F, Hu NY, Luo ZC, Li XW, Li SJ, Wu ZF, Li YL, Yang JM, Gao TM.","Nat Commun. 2021 May 31;12(1):3321. doi: 10.1038/s41467-021-23843-0.","Wang Q","Nat Commun","2021","2021/06/01","PMC8166865","","10.1038/s41467-021-23843-0"
"29237331","Autism spectrum disorder: Consensus guidelines on assessment, treatment and research from the British Association for Psychopharmacology","Howes OD, Rogdaki M, Findon JL, Wichers RH, Charman T, King BH, Loth E, McAlonan GM, McCracken JT, Parr JR, Povey C, Santosh P, Wallace S, Simonoff E, Murphy DG.","J Psychopharmacol. 2018 Jan;32(1):3-29. doi: 10.1177/0269881117741766. Epub 2017 Dec 14.","Howes OD","J Psychopharmacol","2018","2017/12/15","PMC5805024","EMS75921","10.1177/0269881117741766"
"26186191","FOXG1-Dependent Dysregulation of GABA/Glutamate Neuron Differentiation in Autism Spectrum Disorders","Mariani J, Coppola G, Zhang P, Abyzov A, Provini L, Tomasini L, Amenduni M, Szekely A, Palejev D, Wilson M, Gerstein M, Grigorenko EL, Chawarska K, Pelphrey KA, Howe JR, Vaccarino FM.","Cell. 2015 Jul 16;162(2):375-390. doi: 10.1016/j.cell.2015.06.034.","Mariani J","Cell","2015","2015/07/18","PMC4519016","NIHMS705244","10.1016/j.cell.2015.06.034"
"38306525","The correlation between gut microbiota and both neurotransmitters and mental disorders: A narrative review","Mhanna A, Martini N, Hmaydoosh G, Hamwi G, Jarjanazi M, Zaifah G, Kazzazo R, Haji Mohamad A, Alshehabi Z.","Medicine (Baltimore). 2024 Feb 2;103(5):e37114. doi: 10.1097/MD.0000000000037114.","Mhanna A","Medicine (Baltimore)","2024","2024/02/02","PMC10843545","","10.1097/MD.0000000000037114"
"40505628","ESC models of autism with copy-number variations reveal cell-type-specific translational vulnerability","Nomura J, Zuko A, Kishimoto K, Mutsumine H, Maegawa H, Fukatsu K, Nomura Y, Liu X, Nakai N; ES Library team; Takahashi E, Kouno T, Shin JW, Takumi T.","Cell Genom. 2025 Jun 11;5(6):100877. doi: 10.1016/j.xgen.2025.100877.","Nomura J","Cell Genom","2025","2025/06/12","PMC12230234","","10.1016/j.xgen.2025.100877"
"34172755","Neuronal and glial 3D chromatin architecture informs the cellular etiology of brain disorders","Hu B, Won H, Mah W, Park RB, Kassim B, Spiess K, Kozlenkov A, Crowley CA, Pochareddy S; PsychENCODE Consortium; Li Y, Dracheva S, Sestan N, Akbarian S, Geschwind DH.","Nat Commun. 2021 Jun 25;12(1):3968. doi: 10.1038/s41467-021-24243-0.","Hu B","Nat Commun","2021","2021/06/26","PMC8233376","","10.1038/s41467-021-24243-0"
"40048808","Ion channels and G protein-coupled receptors: Cannabidiol actions on disorders of excitability and synaptic excitatory-inhibitory ratio","Tsien RW, Rosenberg EC.","Mol Pharmacol. 2025 Mar;107(3):100017. doi: 10.1016/j.molpha.2025.100017. Epub 2025 Feb 7.","Tsien RW","Mol Pharmacol","2025","2025/03/06","PMC13095461","","10.1016/j.molpha.2025.100017"
"25813603","Inhibition-Based Biomarkers for Autism Spectrum Disorder","Levin AR, Nelson CA.","Neurotherapeutics. 2015 Jul;12(3):546-52. doi: 10.1007/s13311-015-0350-1.","Levin AR","Neurotherapeutics","2015","2015/03/28","PMC4489951","","10.1007/s13311-015-0350-1"
"38279628","Brain glutathione and GABA+ levels in autistic children","Song Y, Hupfeld KE, Davies-Jenkins CW, Zöllner HJ, Murali-Manohar S, Mumuni AN, Crocetti D, Yedavalli V, Oeltzschner G, Alessi N, Batschelett MA, Puts NAJ, Mostofsky SH, Edden RAE.","Autism Res. 2024 Mar;17(3):512-528. doi: 10.1002/aur.3097. Epub 2024 Jan 26.","Song Y","Autism Res","2024","2024/01/27","PMC10963146","NIHMS1959966","10.1002/aur.3097"
"26951057","GABA and glycine in the developing brain","Ito S.","J Physiol Sci. 2016 Sep;66(5):375-9. doi: 10.1007/s12576-016-0442-7. Epub 2016 Mar 7.","Ito S","J Physiol Sci","2016","2016/03/09","PMC10717092","","10.1007/s12576-016-0442-7"
"34525943","Biomarkers for autism spectrum disorder: opportunities for magnetoencephalography (MEG)","Roberts TPL, Kuschner ES, Edgar JC.","J Neurodev Disord. 2021 Sep 15;13(1):34. doi: 10.1186/s11689-021-09385-y.","Roberts TPL","J Neurodev Disord","2021","2021/09/16","PMC8442415","","10.1186/s11689-021-09385-y"
"39779846","Molecular and cellular dynamics of the developing human neocortex","Wang L, Wang C, Moriano JA, Chen S, Zuo G, Cebrián-Silla A, Zhang S, Mukhtar T, Wang S, Song M, de Oliveira LG, Bi Q, Augustin JJ, Ge X, Paredes MF, Huang EJ, Alvarez-Buylla A, Duan X, Li J, Kriegstein AR.","Nature. 2025 Nov;647(8088):169-178. doi: 10.1038/s41586-024-08351-7. Epub 2025 Jan 8.","Wang L","Nature","2025","2025/01/08","PMC12589127","","10.1038/s41586-024-08351-7"
"38203207","Our Mental Health Is Determined by an Intrinsic Interplay between the Central Nervous System, Enteric Nerves, and Gut Microbiota","Dicks LMT.","Int J Mol Sci. 2023 Dec 19;25(1):38. doi: 10.3390/ijms25010038.","Dicks LMT","Int J Mol Sci","2023","2024/01/11","PMC10778721","","10.3390/ijms25010038"
"37647852","SLC6A1 variant pathogenicity, molecular function and phenotype: a genetic and clinical analysis","Stefanski A, Pérez-Palma E, Brünger T, Montanucci L, Gati C, Klöckner C, Johannesen KM, Goodspeed K, Macnee M, Deng AT, Aledo-Serrano Á, Borovikov A, Kava M, Bouman AM, Hajianpour MJ, Pal DK, Engelen M, Hagebeuk EEO, Shinawi M, Heidlebaugh AR, Oetjens K, Hoffman TL, Striano P, Freed AS, Futtrup L, Balslev T, Abulí A, Danvoye L, Lederer D, Balci T, Nouri MN, Butler E, Drewes S, van Engelen K, Howell KB, Khoury J, May P, Trinidad M, Froelich S, Lemke JR, Tiller J, Freed AN, Kang JQ, Wuster A, Møller RS, Lal D.","Brain. 2023 Dec 1;146(12):5198-5208. doi: 10.1093/brain/awad292.","Stefanski A","Brain","2023","2023/08/30","PMC10689929","","10.1093/brain/awad292"
"38796123","Neurometabolite differences in Autism as assessed with Magnetic Resonance Spectroscopy: A systematic review and meta-analysis","Thomson AR, Pasanta D, Arichi T, Puts NA.","Neurosci Biobehav Rev. 2024 Jul;162:105728. doi: 10.1016/j.neubiorev.2024.105728. Epub 2024 May 23.","Thomson AR","Neurosci Biobehav Rev","2024","2024/05/25","PMC11602446","","10.1016/j.neubiorev.2024.105728"
"25904555","Ionotropic GABA and Glutamate Receptor Mutations and Human Neurologic Diseases","Yuan H, Low CM, Moody OA, Jenkins A, Traynelis SF.","Mol Pharmacol. 2015 Jul;88(1):203-17. doi: 10.1124/mol.115.097998. Epub 2015 Apr 22.","Yuan H","Mol Pharmacol","2015","2015/04/24","PMC4468639","","10.1124/mol.115.097998"
"31150555","The Fragile Brain: Stress Vulnerability, Negative Affect and GABAergic Neurocircuits in Psychosis","Taylor SF, Grove TB, Ellingrod VL, Tso IF.","Schizophr Bull. 2019 Oct 24;45(6):1170-1183. doi: 10.1093/schbul/sbz046.","Taylor SF","Schizophr Bull","2019","2019/06/01","PMC6811817","","10.1093/schbul/sbz046"
"38576253","GABA and Glx predict EEG responses of visual sensitivity in autism","Sapey-Triomphe LA, Puts NAJ, Costa TL, Wagemans J.","Autism Res. 2024 May;17(5):917-922. doi: 10.1002/aur.3130. Epub 2024 Apr 4.","Sapey-Triomphe LA","Autism Res","2024","2024/04/05","","","10.1002/aur.3130"
"39125882","Neurotrophins and Their Receptors: BDNF's Role in GABAergic Neurodevelopment and Disease","Hernández-Del Caño C, Varela-Andrés N, Cebrián-León A, Deogracias R.","Int J Mol Sci. 2024 Jul 30;25(15):8312. doi: 10.3390/ijms25158312.","Hernández-Del Caño C","Int J Mol Sci","2024","2024/08/10","PMC11311851","","10.3390/ijms25158312"
"32985165","[Advances on GABAergic interneurons in autism spectrum disorders]","Li J, Xu J, Luo J.","Zhejiang Da Xue Xue Bao Yi Xue Ban. 2020 Aug 25;49(4):508-513. doi: 10.3785/j.issn.1008-9292.2020.08.10.","Li J","Zhejiang Da Xue Xue Bao Yi Xue Ban","2020","2020/09/28","PMC8800729","","10.3785/j.issn.1008-9292.2020.08.10"
"40495546","Developmental Disturbances in Animal Models of Autism Spectrum Disorder","Laszlo K, Bacova Z, Zelena D, Bakos J.","Dev Neurobiol. 2025 Jul;85(3):e22977. doi: 10.1002/dneu.22977.","Laszlo K","Dev Neurobiol","2025","2025/06/11","PMC12152516","","10.1002/dneu.22977"
"40301990","A multi-omic approach implicates novel protein dysregulation in post-traumatic stress disorder","Wang J, Liu Y, Li H, Nguyen TP, Soto-Vargas JL, Wilson R, Wang W, Lam TT, Zhang C, Lin C; Traumatic Stress Brain Research Group; Lewis DA, Glausier J, Holtzheimer PE, Friedman MJ, Williams KR, Picciotto MR, Nairn AC, Krystal JH, Duman RS, Young KA, Zhao H, Girgenti MJ.","Genome Med. 2025 Apr 29;17(1):43. doi: 10.1186/s13073-025-01473-1.","Wang J","Genome Med","2025","2025/04/29","PMC12042318","","10.1186/s13073-025-01473-1"
"32166503","Autoimmune encephalitis as a differential diagnosis of schizophreniform psychosis: clinical symptomatology, pathophysiology, diagnostic approach, and therapeutic considerations","Endres D, Leypoldt F, Bechter K, Hasan A, Steiner J, Domschke K, Wandinger KP, Falkai P, Arolt V, Stich O, Rauer S, Prüss H, van Elst LT.","Eur Arch Psychiatry Clin Neurosci. 2020 Oct;270(7):803-818. doi: 10.1007/s00406-020-01113-2. Epub 2020 Mar 12.","Endres D","Eur Arch Psychiatry Clin Neurosci","2020","2020/03/14","PMC7474714","","10.1007/s00406-020-01113-2"
"34058332","GABA and glutamate in the preterm neonatal brain: In-vivo measurement by magnetic resonance spectroscopy","Basu SK, Pradhan S, du Plessis AJ, Ben-Ari Y, Limperopoulos C.","Neuroimage. 2021 Sep;238:118215. doi: 10.1016/j.neuroimage.2021.118215. Epub 2021 May 28.","Basu SK","Neuroimage","2021","2021/05/31","PMC8404144","NIHMS1730646","10.1016/j.neuroimage.2021.118215"
"40957533","Choroid plexus alterations in autism spectrum disorder: A PET-MRI study","Lila Y, Tseng CJ, Johnston EG, Canales C, McDougle CJ, Hooker JM, Zürcher NR.","Brain Behav Immun. 2025 Nov;130:106110. doi: 10.1016/j.bbi.2025.106110. Epub 2025 Sep 14.","Lila Y","Brain Behav Immun","2025","2025/09/16","","","10.1016/j.bbi.2025.106110"
"40568709","Neurodevelopmental disorders and gut-brain interactions: exploring the therapeutic potential of pycnogenol through microbial-metabolic-neural networks","Chen L, Li Z, Fan Y.","Front Cell Infect Microbiol. 2025 Jun 11;15:1601888. doi: 10.3389/fcimb.2025.1601888. eCollection 2025.","Chen L","Front Cell Infect Microbiol","2025","2025/06/26","PMC12187855","","10.3389/fcimb.2025.1601888"
"29729285","Chloride transporters and GABA polarity in developmental, neurological and psychiatric conditions","Schulte JT, Wierenga CJ, Bruining H.","Neurosci Biobehav Rev. 2018 Jul;90:260-271. doi: 10.1016/j.neubiorev.2018.05.001. Epub 2018 May 2.","Schulte JT","Neurosci Biobehav Rev","2018","2018/05/06","","","10.1016/j.neubiorev.2018.05.001"
"21826280","Autism: a ""critical period"" disorder?","LeBlanc JJ, Fagiolini M.","Neural Plast. 2011;2011:921680. doi: 10.1155/2011/921680. Epub 2011 Aug 3.","LeBlanc JJ","Neural Plast","2011","2011/08/10","PMC3150222","","10.1155/2011/921680"
"40603861","A single main-chain hydrogen bond required to keep GABA(A) receptors closed","Borghese CM, Galpin JD, Eriksson Lidbrink S, Zhuang Y, Desai NG, Howard RJ, Lindahl E, Ahern CA, Goldschen-Ohm MP.","Nat Commun. 2025 Jul 3;16(1):6107. doi: 10.1038/s41467-025-61447-0.","Borghese CM","Nat Commun","2025","2025/07/02","PMC12222489","","10.1038/s41467-025-61447-0"
"36054859","[Autism. Neurobiological aspects]","Ruggieri V.","Medicina (B Aires). 2022 Aug 30;82 Suppl 3:57-61.","Ruggieri V","Medicina (B Aires)","2022","2022/09/02","","",""
"31495451","Intergenerational Metabolic Syndrome and Neuronal Network Hyperexcitability in Autism","Rivell A, Mattson MP.","Trends Neurosci. 2019 Oct;42(10):709-726. doi: 10.1016/j.tins.2019.08.006. Epub 2019 Sep 5.","Rivell A","Trends Neurosci","2019","2019/09/10","PMC6779523","NIHMS1537205","10.1016/j.tins.2019.08.006"
"31356900","Tuning GABAergic Inhibition: Gephyrin Molecular Organization and Functions","Pizzarelli R, Griguoli M, Zacchi P, Petrini EM, Barberis A, Cattaneo A, Cherubini E.","Neuroscience. 2020 Jul 15;439:125-136. doi: 10.1016/j.neuroscience.2019.07.036. Epub 2019 Jul 26.","Pizzarelli R","Neuroscience","2020","2019/07/30","PMC7351109","","10.1016/j.neuroscience.2019.07.036"
"40925922","Local activity alterations in individuals with autism correlate with neurotransmitter properties and ketamine-induced brain changes","Grumbach P, Kasper J, Hipp JF, Forsyth A, Valk SL, Muthukumaraswamy S, Eickhoff SB, Schilbach L, Dukart J.","Nat Commun. 2025 Sep 9;16(1):8248. doi: 10.1038/s41467-025-63857-6.","Grumbach P","Nat Commun","2025","2025/09/09","PMC12420803","","10.1038/s41467-025-63857-6"
"39895633","Gene-replacement therapy in neurodevelopmental disorders: progress and challenges","Lerche H, Hedrich UB, Wuttke TV.","J Clin Invest. 2025 Feb 3;135(3):e188703. doi: 10.1172/JCI188703.","Lerche H","J Clin Invest","2025","2025/02/03","PMC11785917","","10.1172/JCI188703"
"33686214","Neurobiology of ARID1B haploinsufficiency related to neurodevelopmental and psychiatric disorders","Moffat JJ, Smith AL, Jung EM, Ka M, Kim WY.","Mol Psychiatry. 2022 Jan;27(1):476-489. doi: 10.1038/s41380-021-01060-x. Epub 2021 Mar 8.","Moffat JJ","Mol Psychiatry","2022","2021/03/09","PMC8423853","NIHMS1675461","10.1038/s41380-021-01060-x"
"34830337","Significance of GABA(A) Receptor for Cognitive Function and Hippocampal Pathology","Sakimoto Y, Oo PM, Goshima M, Kanehisa I, Tsukada Y, Mitsushima D.","Int J Mol Sci. 2021 Nov 18;22(22):12456. doi: 10.3390/ijms222212456.","Sakimoto Y","Int J Mol Sci","2021","2021/11/27","PMC8623595","","10.3390/ijms222212456"
"33862031","Losing balance: Kainate receptors and psychiatric disorders comorbidities","Valbuena S, Lerma J.","Neuropharmacology. 2021 Jun 15;191:108558. doi: 10.1016/j.neuropharm.2021.108558. Epub 2021 Apr 20.","Valbuena S","Neuropharmacology","2021","2021/04/16","","","10.1016/j.neuropharm.2021.108558"
"21934270","Fragile X syndrome: the GABAergic system and circuit dysfunction","Paluszkiewicz SM, Martin BS, Huntsman MM.","Dev Neurosci. 2011;33(5):349-64. doi: 10.1159/000329420. Epub 2011 Sep 21.","Paluszkiewicz SM","Dev Neurosci","2011","2011/09/22","PMC3254035","","10.1159/000329420"
"40645945","Gut microbiota and brain-resident CD4(+) T cells shape behavioral outcomes in autism spectrum disorder","Park JC, Sim MA, Lee C, Park HE, Lee J, Choi SY, Byun S, Ko H, Lee H, Kim SW, Noh J, Park G, Lee S, Kim TK, Im SH.","Nat Commun. 2025 Jul 11;16(1):6422. doi: 10.1038/s41467-025-61544-0.","Park JC","Nat Commun","2025","2025/07/11","PMC12254219","","10.1038/s41467-025-61544-0"
"33549742","The postnatal GABA shift: A developmental perspective","Peerboom C, Wierenga CJ.","Neurosci Biobehav Rev. 2021 May;124:179-192. doi: 10.1016/j.neubiorev.2021.01.024. Epub 2021 Feb 4.","Peerboom C","Neurosci Biobehav Rev","2021","2021/02/07","","","10.1016/j.neubiorev.2021.01.024"
"41096762","The Role of GABA Pathway Components in Pathogenesis of Neurodevelopmental Disorders","Marilovtseva EV, Abdurazakov A, Kurishev AO, Mikhailova VA, Golimbet VE.","Int J Mol Sci. 2025 Sep 28;26(19):9492. doi: 10.3390/ijms26199492.","Marilovtseva EV","Int J Mol Sci","2025","2025/10/16","PMC12524522","","10.3390/ijms26199492"
"40929913","Autism and the Oral Microbiome: A Systematic Review of Host-microbial Interactions and Diversity","Fakhruddin KS, Kamal I, Maglaperidze T, Marya A, Samaranayake L, Porntaveetus T.","Int Dent J. 2025 Dec;75(6):100957. doi: 10.1016/j.identj.2025.100957. Epub 2025 Sep 9.","Fakhruddin KS","Int Dent J","2025","2025/09/10","PMC12455128","","10.1016/j.identj.2025.100957"
"35625650","PPARα Signaling: A Candidate Target in Psychiatric Disorder Management","Scheggi S, Pinna G, Braccagni G, De Montis MG, Gambarana C.","Biomolecules. 2022 May 20;12(5):723. doi: 10.3390/biom12050723.","Scheggi S","Biomolecules","2022","2022/05/28","PMC9138493","","10.3390/biom12050723"
"40806233","Neuroplasticity-Based Approaches to Sensory Processing Alterations in Autism Spectrum Disorder","Suprunowicz M, Bogucka J, Szczerbińska N, Modzelewski S, Oracz AJ, Konarzewska B, Waszkiewicz N.","Int J Mol Sci. 2025 Jul 23;26(15):7102. doi: 10.3390/ijms26157102.","Suprunowicz M","Int J Mol Sci","2025","2025/08/14","PMC12346777","","10.3390/ijms26157102"
"35383319","In vivo imaging translocator protein (TSPO) in autism spectrum disorder","Simpson D, Gharehgazlou A, Da Silva T, Labrie-Cleary C, Wilson AA, Meyer JH, Mizrahi R, Rusjan PM.","Neuropsychopharmacology. 2022 Jun;47(7):1421-1427. doi: 10.1038/s41386-022-01306-4. Epub 2022 Apr 5.","Simpson D","Neuropsychopharmacology","2022","2022/04/06","PMC9117200","","10.1038/s41386-022-01306-4"
"21766041","Alterations of GABAergic signaling in autism spectrum disorders","Pizzarelli R, Cherubini E.","Neural Plast. 2011;2011:297153. doi: 10.1155/2011/297153. Epub 2011 Jun 23.","Pizzarelli R","Neural Plast","2011","2011/07/19","PMC3134996","","10.1155/2011/297153"
"35456477","Electrophysiological and Behavioral Evidence for Hyper- and Hyposensitivity in Rare Genetic Syndromes Associated with Autism","Neklyudova A, Smirnov K, Rebreikina A, Martynova O, Sysoeva O.","Genes (Basel). 2022 Apr 11;13(4):671. doi: 10.3390/genes13040671.","Neklyudova A","Genes (Basel)","2022","2022/04/23","PMC9027402","","10.3390/genes13040671"
"36316421","Non-invasive brain stimulation modulates GABAergic activity in neurofibromatosis 1","Garg S, Williams S, Jung J, Pobric G, Nandi T, Lim B, Vassallo G, Green J, Evans DG, Stagg CJ, Parkes LM, Stivaros S.","Sci Rep. 2022 Oct 31;12(1):18297. doi: 10.1038/s41598-022-21907-9.","Garg S","Sci Rep","2022","2022/11/01","PMC9622815","","10.1038/s41598-022-21907-9"
"27421181","Measuring neural excitation and inhibition in autism: Different approaches, different findings and different interpretations","Dickinson A, Jones M, Milne E.","Brain Res. 2016 Oct 1;1648(Pt A):277-289. doi: 10.1016/j.brainres.2016.07.011. Epub 2016 Jul 12.","Dickinson A","Brain Res","2016","2016/07/17","","","10.1016/j.brainres.2016.07.011"
"31280658","Autophagy links MTOR and GABA signaling in the brain","Hui KK, Tanaka M.","Autophagy. 2019 Oct;15(10):1848-1849. doi: 10.1080/15548627.2019.1637643. Epub 2019 Jul 7.","Hui KK","Autophagy","2019","2019/07/09","PMC6735627","","10.1080/15548627.2019.1637643"
"23370056","Decreased left perisylvian GABA concentration in children with autism and unaffected siblings","Rojas DC, Singel D, Steinmetz S, Hepburn S, Brown MS.","Neuroimage. 2014 Feb 1;86:28-34. doi: 10.1016/j.neuroimage.2013.01.045. Epub 2013 Jan 28.","Rojas DC","Neuroimage","2014","2013/02/02","PMC3773530","NIHMS440029","10.1016/j.neuroimage.2013.01.045"
"33255508","WWOX Loss of Function in Neurodevelopmental and Neurodegenerative Disorders","Aldaz CM, Hussain T.","Int J Mol Sci. 2020 Nov 24;21(23):8922. doi: 10.3390/ijms21238922.","Aldaz CM","Int J Mol Sci","2020","2020/12/01","PMC7727818","","10.3390/ijms21238922"
"41174051","Autism-associated ARHGEF9 variants impair GABAergic synapses and ultrasonic communication by reducing gephyrin phosphorylation","Jung H, Kim B, Jang G, Lee H, Kim Y, Kim H, Lee HJ, Kim D, Yang Y, Jeong WC, Kim S, Han AR, Kim HM, Papadopoulos T, Durand B, Francannet C, Piton A, Kim JY, Ko J, Um JW.","Mol Psychiatry. 2026 Mar;31(3):1757-1773. doi: 10.1038/s41380-025-03313-5. Epub 2025 Oct 31.","Jung H","Mol Psychiatry","2026","2025/11/01","PMC12916317","","10.1038/s41380-025-03313-5"
"27145016","Brain GABA levels across psychiatric disorders: A systematic literature review and meta-analysis of (1) H-MRS studies","Schür RR, Draisma LW, Wijnen JP, Boks MP, Koevoets MG, Joëls M, Klomp DW, Kahn RS, Vinkers CH.","Hum Brain Mapp. 2016 Sep;37(9):3337-52. doi: 10.1002/hbm.23244. Epub 2016 May 4.","Schür RR","Hum Brain Mapp","2016","2016/05/05","PMC6867515","","10.1002/hbm.23244"
"39809266","Gut microbial GABA imbalance emerges as a metabolic signature in mild autism spectrum disorder linked to overrepresented Escherichia","Wang D, Jiang Y, Jiang J, Pan Y, Yang Y, Fang X, Liang L, Li H, Dong Z, Fan S, Ma D, Zhang XS, Li H, He Y, Li N.","Cell Rep Med. 2025 Jan 21;6(1):101919. doi: 10.1016/j.xcrm.2024.101919. Epub 2025 Jan 13.","Wang D","Cell Rep Med","2025","2025/01/14","PMC11866488","","10.1016/j.xcrm.2024.101919"
"41277234","Gut microbiota dysbiosis at the interface of neuropsychiatric disorders and their dermatological comorbidities","Hawkins B, Montgomery M, Bokota G, Santoyo M, Giron E, Eltokhi A.","Gut Microbes. 2025 Dec 31;17(1):2574934. doi: 10.1080/19490976.2025.2574934. Epub 2025 Nov 24.","Hawkins B","Gut Microbes","2025","2025/11/24","PMC12645903","","10.1080/19490976.2025.2574934"
"37854197","Thyroid hormone action during GABAergic neuron maturation: The quest for mechanisms","Richard S, Ren J, Flamant F.","Front Endocrinol (Lausanne). 2023 Oct 3;14:1256877. doi: 10.3389/fendo.2023.1256877. eCollection 2023.","Richard S","Front Endocrinol (Lausanne)","2023","2023/10/19","PMC10579935","","10.3389/fendo.2023.1256877"
"28786979","Basolateral amygdala and stress-induced hyperexcitability affect motivated behaviors and addiction","Sharp BM.","Transl Psychiatry. 2017 Aug 8;7(8):e1194. doi: 10.1038/tp.2017.161.","Sharp BM","Transl Psychiatry","2017","2017/08/09","PMC5611728","","10.1038/tp.2017.161"
"38549163","The gut metabolite indole-3-propionic acid activates ERK1 to restore social function and hippocampal inhibitory synaptic transmission in a 16p11.2 microdeletion mouse model","Jiang J, Wang D, Jiang Y, Yang X, Sun R, Chang J, Zhu W, Yao P, Song K, Chang S, Wang H, Zhou L, Zhang XS, Li H, Li N.","Microbiome. 2024 Mar 28;12(1):66. doi: 10.1186/s40168-024-01755-7.","Jiang J","Microbiome","2024","2024/03/29","PMC10976717","","10.1186/s40168-024-01755-7"
"22810216","Evidence of parallels between mercury intoxication and the brain pathology in autism","Kern JK, Geier DA, Audhya T, King PG, Sykes LK, Geier MR.","Acta Neurobiol Exp (Wars). 2012;72(2):113-53. doi: 10.55782/ane-2012-1887.","Kern JK","Acta Neurobiol Exp (Wars)","2012","2012/07/20","","","10.55782/ane-2012-1887"
"33850088","Decreased levels of γ-aminobutyric acid in temporal lobe of children with 47,XYY syndrome","Roberts TPL, Bloy L, Miller JS, Blaskey L, Ross J.","Neuroreport. 2021 May 5;32(7):541-547. doi: 10.1097/WNR.0000000000001628.","Roberts TPL","Neuroreport","2021","2021/04/14","PMC8051840","NIHMS1672788","10.1097/WNR.0000000000001628"
"34615532","Prediction learning in adults with autism and its molecular correlates","Sapey-Triomphe LA, Temmerman J, Puts NAJ, Wagemans J.","Mol Autism. 2021 Oct 6;12(1):64. doi: 10.1186/s13229-021-00470-6.","Sapey-Triomphe LA","Mol Autism","2021","2021/10/07","PMC8493731","","10.1186/s13229-021-00470-6"
"33092656","Impaired inhibitory processing: a new therapeutic target for autism and psychosis?","Heinze K, Barron HC, Howes EK, Ramaswami M, Broome MR.","Br J Psychiatry. 2021 Jun;218(6):295-298. doi: 10.1192/bjp.2020.163.","Heinze K","Br J Psychiatry","2021","2020/10/23","PMC7612604","EMS144091","10.1192/bjp.2020.163"
"40568982","Bumetanide Treatment in 15 Children With Autism: A Randomised Waitlist-Control Study","Fernell E, Landberg S, Miniscalco C, Fagerudd R, Johnels JÅ, Johnson M, Hadjikhani N, Gillberg C.","Acta Paediatr. 2025 Nov;114(11):2985-2992. doi: 10.1111/apa.70204. Epub 2025 Jun 26.","Fernell E","Acta Paediatr","2025","2025/06/26","PMC12520269","","10.1111/apa.70204"
"34943958","Reprogramming Human Adult Fibroblasts into GABAergic Interneurons","Bruzelius A, Kidnapillai S, Drouin-Ouellet J, Stoker T, Barker RA, Rylander Ottosson D.","Cells. 2021 Dec 8;10(12):3450. doi: 10.3390/cells10123450.","Bruzelius A","Cells","2021","2021/12/24","PMC8699824","","10.3390/cells10123450"
"30248378","The contribution of [1H] magnetic resonance spectroscopy to the study of excitation-inhibition in autism","Ajram LA, Pereira AC, Durieux AMS, Velthius HE, Petrinovic MM, McAlonan GM.","Prog Neuropsychopharmacol Biol Psychiatry. 2019 Mar 8;89:236-244. doi: 10.1016/j.pnpbp.2018.09.010. Epub 2018 Sep 21.","Ajram LA","Prog Neuropsychopharmacol Biol Psychiatry","2019","2018/09/25","","","10.1016/j.pnpbp.2018.09.010"
"40993764","Cell-cell communication dysregulation in tuberous sclerosis complex cortical tubers and focal cortical dysplasia","Scheper M, Anink JJ, Jansen FE, Van Hecke W, Mühlebner A, Mills JD, Aronica E.","Acta Neuropathol Commun. 2025 Sep 24;13(1):196. doi: 10.1186/s40478-025-02113-w.","Scheper M","Acta Neuropathol Commun","2025","2025/09/24","PMC12462383","","10.1186/s40478-025-02113-w"
"22001766","Medical treatment overview: traditional and novel psycho-pharmacological and complementary and alternative medications","Anagnostou E, Hansen R.","Curr Opin Pediatr. 2011 Dec;23(6):621-7. doi: 10.1097/MOP.0b013e32834cba3e.","Anagnostou E","Curr Opin Pediatr","2011","2011/10/18","PMC4871706","NIHMS778292","10.1097/MOP.0b013e32834cba3e"
"37459438","SLC4A10 mutation causes a neurological disorder associated with impaired GABAergic transmission","Fasham J, Huebner AK, Liebmann L, Khalaf-Nazzal R, Maroofian R, Kryeziu N, Wortmann SB, Leslie JS, Ubeyratna N, Mancini GMS, van Slegtenhorst M, Wilke M, Haack TB, Shamseldin HE, Gleeson JG, Almuhaizea M, Dweikat I, Abu-Libdeh B, Daana M, Zaki MS, Wakeling MN, McGavin L, Turnpenny PD, Alkuraya FS, Houlden H, Schlattmann P, Kaila K, Crosby AH, Baple EL, Hübner CA.","Brain. 2023 Nov 2;146(11):4547-4561. doi: 10.1093/brain/awad235.","Fasham J","Brain","2023","2023/07/17","PMC10629776","","10.1093/brain/awad235"
"37208920","Alpha-linolenic acid enhances the facilitation of GABAergic neurotransmission in the BLA and CA1","Pidoplichko VI, Figueiredo TH, Braga MF, Pan H, Marini AM.","Exp Biol Med (Maywood). 2023 Apr;248(7):596-604. doi: 10.1177/15353702231165010. Epub 2023 May 19.","Pidoplichko VI","Exp Biol Med (Maywood)","2023","2023/05/20","PMC10350796","","10.1177/15353702231165010"
"31124710","Revisiting the excitation/inhibition imbalance hypothesis of ASD through a clinical lens","Port RG, Oberman LM, Roberts TP.","Br J Radiol. 2019 Sep;92(1101):20180944. doi: 10.1259/bjr.20180944. Epub 2019 Jun 11.","Port RG","Br J Radiol","2019","2019/05/25","PMC6732925","","10.1259/bjr.20180944"
"25986747","Tuberous Sclerosis: A New Frontier in Targeted Treatment of Autism","Davis PE, Peters JM, Krueger DA, Sahin M.","Neurotherapeutics. 2015 Jul;12(3):572-83. doi: 10.1007/s13311-015-0359-5.","Davis PE","Neurotherapeutics","2015","2015/05/20","PMC4489948","","10.1007/s13311-015-0359-5"
"33373327","The DNA repair protein ATM as a target in autism spectrum disorder","Pizzamiglio L, Focchi E, Cambria C, Ponzoni L, Ferrara S, Bifari F, Desiato G, Landsberger N, Murru L, Passafaro M, Sala M, Matteoli M, Menna E, Antonucci F.","JCI Insight. 2021 Feb 8;6(3):e133654. doi: 10.1172/jci.insight.133654.","Pizzamiglio L","JCI Insight","2021","2020/12/29","PMC7934840","","10.1172/jci.insight.133654"
"26711497","Reduced GABAergic Action in the Autistic Brain","Robertson CE, Ratai EM, Kanwisher N.","Curr Biol. 2016 Jan 11;26(1):80-5. doi: 10.1016/j.cub.2015.11.019. Epub 2015 Dec 17.","Robertson CE","Curr Biol","2016","2015/12/30","","","10.1016/j.cub.2015.11.019"
"21876820","Genetics and function of neocortical GABAergic interneurons in neurodevelopmental disorders","Rossignol E.","Neural Plast. 2011;2011:649325. doi: 10.1155/2011/649325. Epub 2011 Aug 18.","Rossignol E","Neural Plast","2011","2011/08/31","PMC3159129","","10.1155/2011/649325"
"23574039","Developmental vulnerability of synapses and circuits associated with neuropsychiatric disorders","Penzes P, Buonanno A, Passafaro M, Sala C, Sweet RA.","J Neurochem. 2013 Jul;126(2):165-82. doi: 10.1111/jnc.12261. Epub 2013 May 22.","Penzes P","J Neurochem","2013","2013/04/12","PMC3700683","NIHMS467865","10.1111/jnc.12261"
"35474185","Reelin cells and sex-dependent synaptopathology in autism following postnatal immune activation","Ardalan M, Chumak T, Quist A, Hermans E, Hoseinpoor Rafati A, Gravina G, Jabbari Shiadeh SM, Svedin P, Alabaf S, Hansen B, Wegener G, Westberg L, Mallard C.","Br J Pharmacol. 2022 Sep;179(17):4400-4422. doi: 10.1111/bph.15859. Epub 2022 May 23.","Ardalan M","Br J Pharmacol","2022","2022/04/27","PMC9545289","","10.1111/bph.15859"
"16002261","Neurochemical correlates of autistic disorder: a review of the literature","Lam KS, Aman MG, Arnold LE.","Res Dev Disabil. 2006 May-Jun;27(3):254-89. doi: 10.1016/j.ridd.2005.03.003. Epub 2005 Jul 5.","Lam KS","Res Dev Disabil","2006","2005/07/09","","","10.1016/j.ridd.2005.03.003"
"36935610","Distinct patterns of GABAergic interneuron pathology in autism are associated with intellectual impairment and stereotypic behaviors","Dufour BD, McBride E, Bartley T, Juarez P, Martínez-Cerdeño V.","Autism. 2023 Aug;27(6):1730-1745. doi: 10.1177/13623613231154053. Epub 2023 Mar 19.","Dufour BD","Autism","2023","2023/03/20","PMC10846597","NIHMS1866032","10.1177/13623613231154053"
"36302178","Chloride transporters controlling neuronal excitability","Pressey JC, de Saint-Rome M, Raveendran VA, Woodin MA.","Physiol Rev. 2023 Apr 1;103(2):1095-1135. doi: 10.1152/physrev.00025.2021. Epub 2022 Oct 27.","Pressey JC","Physiol Rev","2023","2022/10/27","","","10.1152/physrev.00025.2021"
"22009360","Fragile X syndrome and targeted treatment trials","Hagerman R, Lauterborn J, Au J, Berry-Kravis E.","Results Probl Cell Differ. 2012;54:297-335. doi: 10.1007/978-3-642-21649-7_17.","Hagerman R","Results Probl Cell Differ","2012","2011/10/20","PMC4114775","NIHMS609194","10.1007/978-3-642-21649-7_17"
"35807841","Overlapping Mechanisms of Action of Brain-Active Bacteria and Bacterial Metabolites in the Pathogenesis of Common Brain Diseases","Eicher TP, Mohajeri MH.","Nutrients. 2022 Jun 27;14(13):2661. doi: 10.3390/nu14132661.","Eicher TP","Nutrients","2022","2022/07/09","PMC9267981","","10.3390/nu14132661"
"22370873","Consensus paper: pathological role of the cerebellum in autism","Fatemi SH, Aldinger KA, Ashwood P, Bauman ML, Blaha CD, Blatt GJ, Chauhan A, Chauhan V, Dager SR, Dickson PE, Estes AM, Goldowitz D, Heck DH, Kemper TL, King BH, Martin LA, Millen KJ, Mittleman G, Mosconi MW, Persico AM, Sweeney JA, Webb SJ, Welsh JP.","Cerebellum. 2012 Sep;11(3):777-807. doi: 10.1007/s12311-012-0355-9.","Fatemi SH","Cerebellum","2012","2012/02/29","PMC3677555","NIHMS471129","10.1007/s12311-012-0355-9"
"34883135","CNS pharmacology of NKCC1 inhibitors","Löscher W, Kaila K.","Neuropharmacology. 2022 Mar 1;205:108910. doi: 10.1016/j.neuropharm.2021.108910. Epub 2021 Dec 6.","Löscher W","Neuropharmacology","2022","2021/12/09","","","10.1016/j.neuropharm.2021.108910"
"24839870","An enhanced role and expanded developmental origins for gamma-aminobutyric acidergic interneurons in the human cerebral cortex","Clowry GJ.","J Anat. 2015 Oct;227(4):384-93. doi: 10.1111/joa.12198. Epub 2014 May 20.","Clowry GJ","J Anat","2015","2014/05/21","PMC4580098","","10.1111/joa.12198"
"29028941","Dysregulation of Cortical Neuron DNA Methylation Profile in Autism Spectrum Disorder","Nardone S, Sams DS, Zito A, Reuveni E, Elliott E.","Cereb Cortex. 2017 Dec 1;27(12):5739-5754. doi: 10.1093/cercor/bhx250.","Nardone S","Cereb Cortex","2017","2017/10/14","PMC6346295","","10.1093/cercor/bhx250"
"38615126","In vivo translocator protein in females with autism spectrum disorder: a pilot study","Tseng CJ, Canales C, Marcus RE, Parmar AJ, Hightower BG, Mullett JE, Makary MM, Tassone AU, Saro HK, Townsend PH, Birtwell K, Nowinski L, Thom RP, Palumbo ML, Keary C, Catana C, McDougle CJ, Hooker JM, Zürcher NR.","Neuropsychopharmacology. 2024 Jun;49(7):1193-1201. doi: 10.1038/s41386-024-01859-6. Epub 2024 Apr 13.","Tseng CJ","Neuropsychopharmacology","2024","2024/04/13","PMC11109261","","10.1038/s41386-024-01859-6"
"34663783","Reduced hippocampal inhibition and enhanced autism-epilepsy comorbidity in mice lacking neuropilin 2","Eisenberg C, Subramanian D, Afrasiabi M, Ziobro P, DeLucia J, Hirschberg PR, Shiflett MW, Santhakumar V, Tran TS.","Transl Psychiatry. 2021 Oct 18;11(1):537. doi: 10.1038/s41398-021-01655-6.","Eisenberg C","Transl Psychiatry","2021","2021/10/19","PMC8523694","","10.1038/s41398-021-01655-6"
"38632257","Amygdalar neurotransmission alterations in the BTBR mice model of idiopathic autism","Bove M, Palmieri MA, Santoro M, Agosti LP, Gaetani S, Romano A, Dimonte S, Costantino G, Sikora V, Tucci P, Schiavone S, Morgese MG, Trabace L.","Transl Psychiatry. 2024 Apr 17;14(1):193. doi: 10.1038/s41398-024-02905-z.","Bove M","Transl Psychiatry","2024","2024/04/17","PMC11024334","","10.1038/s41398-024-02905-z"
"32564887","Shedding Light on Chandelier Cell Development, Connectivity, and Contribution to Neural Disorders","Gallo NB, Paul A, Van Aelst L.","Trends Neurosci. 2020 Aug;43(8):565-580. doi: 10.1016/j.tins.2020.05.003. Epub 2020 Jun 18.","Gallo NB","Trends Neurosci","2020","2020/06/23","PMC7392791","NIHMS1594307","10.1016/j.tins.2020.05.003"
"24290383","Identifying essential cell types and circuits in autism spectrum disorders","Maloney SE, Rieger MA, Dougherty JD.","Int Rev Neurobiol. 2013;113:61-96. doi: 10.1016/B978-0-12-418700-9.00003-4.","Maloney SE","Int Rev Neurobiol","2013","2013/12/03","PMC3897614","NIHMS546342","10.1016/B978-0-12-418700-9.00003-4"
"36103875","GABBR1 monoallelic de novo variants linked to neurodevelopmental delay and epilepsy","Cediel ML, Stawarski M, Blanc X, Nosková L, Magner M, Platzer K, Gburek-Augustat J, Baldridge D, Constantino JN, Ranza E, Bettler B, Antonarakis SE.","Am J Hum Genet. 2022 Oct 6;109(10):1885-1893. doi: 10.1016/j.ajhg.2022.08.010. Epub 2022 Sep 13.","Cediel ML","Am J Hum Genet","2022","2022/09/14","PMC9606381","","10.1016/j.ajhg.2022.08.010"
"34400844","Placental endocrine function shapes cerebellar development and social behavior","Vacher CM, Lacaille H, O'Reilly JJ, Salzbank J, Bakalar D, Sebaoui S, Liere P, Clarkson-Paredes C, Sasaki T, Sathyanesan A, Kratimenos P, Ellegood J, Lerch JP, Imamura Y, Popratiloff A, Hashimoto-Torii K, Gallo V, Schumacher M, Penn AA.","Nat Neurosci. 2021 Oct;24(10):1392-1401. doi: 10.1038/s41593-021-00896-4. Epub 2021 Aug 16.","Vacher CM","Nat Neurosci","2021","2021/08/17","PMC8481124","","10.1038/s41593-021-00896-4"
"34654960","Edited magnetic resonance spectroscopy in the neonatal brain","Song Y, Lally PJ, Yanez Lopez M, Oeltzschner G, Nebel MB, Gagoski B, Kecskemeti S, Hui SCN, Zöllner HJ, Shukla D, Arichi T, De Vita E, Yedavalli V, Thayyil S, Fallin D, Dean DC 3rd, Grant PE, Wisnowski JL, Edden RAE.","Neuroradiology. 2022 Feb;64(2):217-232. doi: 10.1007/s00234-021-02821-9. Epub 2021 Oct 15.","Song Y","Neuroradiology","2022","2021/10/16","PMC8887832","NIHMS1779452","10.1007/s00234-021-02821-9"
"32216802","Potential role of genomic imprinted genes and brain developmental related genes in autism","Li J, Lin X, Wang M, Hu Y, Xue K, Gu S, Lv L, Huang S, Xie W.","BMC Med Genomics. 2020 Mar 26;13(1):54. doi: 10.1186/s12920-020-0693-2.","Li J","BMC Med Genomics","2020","2020/03/29","PMC7099798","","10.1186/s12920-020-0693-2"
"33711485","Simultaneous quantification of GABA, Glx and GSH in the neonatal human brain using magnetic resonance spectroscopy","Maria YL, Price AN, Puts NAJ, Hughes EJ, Edden RAE, McAlonan GM, Arichi T, De Vita E.","Neuroimage. 2021 Jun;233:117930. doi: 10.1016/j.neuroimage.2021.117930. Epub 2021 Mar 9.","Maria YL","Neuroimage","2021","2021/03/12","PMC8204265","","10.1016/j.neuroimage.2021.117930"
"33436538","Sensory over-responsivity is related to GABAergic inhibition in thalamocortical circuits","Wood ET, Cummings KK, Jung J, Patterson G, Okada N, Guo J, O'Neill J, Dapretto M, Bookheimer SY, Green SA.","Transl Psychiatry. 2021 Jan 12;11(1):39. doi: 10.1038/s41398-020-01154-0.","Wood ET","Transl Psychiatry","2021","2021/01/13","PMC7804323","","10.1038/s41398-020-01154-0"
"39352378","Sleepless nights and social plights: medial septum GABAergic hyperactivity in a neuroligin 3-deficient autism model","Cho CE, Jung D, Patel RR.","J Clin Invest. 2024 Oct 1;134(19):e184795. doi: 10.1172/JCI184795.","Cho CE","J Clin Invest","2024","2024/10/01","PMC11444191","","10.1172/JCI184795"
"41072150","The neurochemistry of decreased sound tolerance: A magnetic resonance spectroscopy (MRS) study of misophonia and hyperacusis","Ward J, Agbude R, Smees R, Simner J, Ronen I.","Hear Res. 2025 Dec;468:109440. doi: 10.1016/j.heares.2025.109440. Epub 2025 Oct 6.","Ward J","Hear Res","2025","2025/10/10","","","10.1016/j.heares.2025.109440"
"37097993","Synaptic boutons are smaller in chandelier cell cartridges in autism","Hong T, McBride E, Dufour BD, Falcone C, Doan M, Noctor SG, Martínez-Cerdeño V.","PLoS One. 2023 Apr 25;18(4):e0281477. doi: 10.1371/journal.pone.0281477. eCollection 2023.","Hong T","PLoS One","2023","2023/04/25","PMC10128992","","10.1371/journal.pone.0281477"
"35660740","The immuno-behavioural covariation associated with the treatment response to bumetanide in young children with autism spectrum disorder","Li Q, Zhang L, Shan H, Yu J, Dai Y, He H, Li WG, Langley C, Sahakian BJ, Yao Y, Luo Q, Li F.","Transl Psychiatry. 2022 Jun 3;12(1):228. doi: 10.1038/s41398-022-01987-x.","Li Q","Transl Psychiatry","2022","2022/06/06","PMC9166783","","10.1038/s41398-022-01987-x"
"39221783","Progress towards understanding risk factor mechanisms in the development of autism spectrum disorders","Bryers A, Hawkes CA, Parkin E, Dawson N.","Biochem Soc Trans. 2024 Oct 30;52(5):2047-2058. doi: 10.1042/BST20231004.","Bryers A","Biochem Soc Trans","2024","2024/09/02","PMC11555714","","10.1042/BST20231004"
"41199863","Pathophysiological associations between maternal immune activation and neurodevelopmental disorders in offspring: a comprehensive review","Tang Q, Wang X, Yang F, Liang L, Li Y, Liu W, Zhou R, Ma B.","Front Endocrinol (Lausanne). 2025 Oct 22;16:1681190. doi: 10.3389/fendo.2025.1681190. eCollection 2025.","Tang Q","Front Endocrinol (Lausanne)","2025","2025/11/07","PMC12585990","","10.3389/fendo.2025.1681190"
"29317601","Common basis for orofacial clefting and cortical interneuronopathy","Ansen-Wilson LJ, Everson JL, Fink DM, Kietzman HW, Sullivan R, Lipinski RJ.","Transl Psychiatry. 2018 Jan 10;8(1):8. doi: 10.1038/s41398-017-0057-7.","Ansen-Wilson LJ","Transl Psychiatry","2018","2018/01/11","PMC5802454","","10.1038/s41398-017-0057-7"
"24160694","GABAA receptor subtypes: Therapeutic potential in Down syndrome, affective disorders, schizophrenia, and autism","Rudolph U, Möhler H.","Annu Rev Pharmacol Toxicol. 2014;54:483-507. doi: 10.1146/annurev-pharmtox-011613-135947. Epub 2013 Oct 23.","Rudolph U","Annu Rev Pharmacol Toxicol","2014","2013/10/29","PMC3997216","NIHMS555230","10.1146/annurev-pharmtox-011613-135947"
"36862688","Neuron-specific transcriptomic signatures indicate neuroinflammation and altered neuronal activity in ASD temporal cortex","Zhang P, Omanska A, Ander BP, Gandal MJ, Stamova B, Schumann CM.","Proc Natl Acad Sci U S A. 2023 Mar 7;120(10):e2206758120. doi: 10.1073/pnas.2206758120. Epub 2023 Mar 2.","Zhang P","Proc Natl Acad Sci U S A","2023","2023/03/02","PMC10013873","","10.1073/pnas.2206758120"
"34450024","Memory suppressor genes: Modulating acquisition, consolidation, and forgetting","Noyes NC, Phan A, Davis RL.","Neuron. 2021 Oct 20;109(20):3211-3227. doi: 10.1016/j.neuron.2021.08.001. Epub 2021 Aug 26.","Noyes NC","Neuron","2021","2021/08/27","PMC8542634","NIHMS1731149","10.1016/j.neuron.2021.08.001"
"30504823","Ankyrin-G regulates forebrain connectivity and network synchronization via interaction with GABARAP","Nelson AD, Caballero-Florán RN, Rodríguez Díaz JC, Hull JM, Yuan Y, Li J, Chen K, Walder KK, Lopez-Santiago LF, Bennett V, McInnis MG, Isom LL, Wang C, Zhang M, Jones KS, Jenkins PM.","Mol Psychiatry. 2020 Nov;25(11):2800-2817. doi: 10.1038/s41380-018-0308-x. Epub 2018 Nov 30.","Nelson AD","Mol Psychiatry","2020","2018/12/04","PMC6542726","NIHMS1512938","10.1038/s41380-018-0308-x"
"33407072","Associations between sensory processing and electrophysiological and neurochemical measures in children with ASD: an EEG-MRS study","Pierce S, Kadlaskar G, Edmondson DA, McNally Keehn R, Dydak U, Keehn B.","J Neurodev Disord. 2021 Jan 6;13(1):5. doi: 10.1186/s11689-020-09351-0.","Pierce S","J Neurodev Disord","2021","2021/01/07","PMC7788714","","10.1186/s11689-020-09351-0"
"41580462","Differential GABA dynamics across brain functional networks in autism","Huang Q, Chen D, Pereira AC, Leonard A, Ellis CL, Velthuis H, Dimitrov M, Ponteduro FM, Wong NML, Kowalewski L, Pretzsch CM, Daly E, Murphy DGM, McAlonan GM.","Commun Biol. 2026 Jan 24;9(1):283. doi: 10.1038/s42003-026-09563-5.","Huang Q","Commun Biol","2026","2026/01/24","PMC12920753","","10.1038/s42003-026-09563-5"
"39137740","Inhibitory Systems in Brain Evolution: Pathways of Vulnerability in Neurodevelopmental Disorders","Hanson KL, Greiner DMZ, Schumann CM, Semendeferi K.","Brain Behav Evol. 2025;100(1):29-48. doi: 10.1159/000540865. Epub 2024 Aug 13.","Hanson KL","Brain Behav Evol","2025","2024/08/13","PMC11822052","NIHMS2017899","10.1159/000540865"
"19880095","A computational model for cerebral cortical dysfunction in autism spectrum disorders","Vattikuti S, Chow CC.","Biol Psychiatry. 2010 Apr 1;67(7):672-8. doi: 10.1016/j.biopsych.2009.09.008. Epub 2009 Oct 31.","Vattikuti S","Biol Psychiatry","2010","2009/11/03","PMC3104404","NIHMS294970","10.1016/j.biopsych.2009.09.008"
"34439901","Perineuronal Nets and Metal Cation Concentrations in the Microenvironments of Fast-Spiking, Parvalbumin-Expressing GABAergic Interneurons: Relevance to Neurodevelopment and Neurodevelopmental Disorders","Burket JA, Webb JD, Deutsch SI.","Biomolecules. 2021 Aug 18;11(8):1235. doi: 10.3390/biom11081235.","Burket JA","Biomolecules","2021","2021/08/27","PMC8391699","","10.3390/biom11081235"
"34158061","Schizophrenia, the gut microbiota, and new opportunities from optogenetic manipulations of the gut-brain axis","Patrono E, Svoboda J, Stuchlík A.","Behav Brain Funct. 2021 Jun 22;17(1):7. doi: 10.1186/s12993-021-00180-2.","Patrono E","Behav Brain Funct","2021","2021/06/23","PMC8218443","","10.1186/s12993-021-00180-2"
"35637184","Cellular and genetic drivers of RNA editing variation in the human brain","Dredge WH, Li J, Fan X, Kozenkov A, Lalli M, Khalique S, Dracheva S, Mukamel EA, Breen MS.","Nat Commun. 2022 May 30;13(1):2997. doi: 10.1038/s41467-022-30531-0.","Dredge WH","Nat Commun","2022","2022/05/31","PMC9151768","","10.1038/s41467-022-30531-0"
"30149092","The role of ARID1B, a BAF chromatin remodeling complex subunit, in neural development and behavior","Moffat JJ, Jung EM, Ka M, Smith AL, Jeon BT, Santen GWE, Kim WY.","Prog Neuropsychopharmacol Biol Psychiatry. 2019 Mar 8;89:30-38. doi: 10.1016/j.pnpbp.2018.08.021. Epub 2018 Aug 24.","Moffat JJ","Prog Neuropsychopharmacol Biol Psychiatry","2019","2018/08/28","PMC6249083","NIHMS1505763","10.1016/j.pnpbp.2018.08.021"
"37550354","Association between increased anterior cingulate glutamate and psychotic-like experiences, but not autistic traits in healthy volunteers","Demler VF, Sterner EF, Wilson M, Zimmer C, Knolle F.","Sci Rep. 2023 Aug 7;13(1):12792. doi: 10.1038/s41598-023-39881-1.","Demler VF","Sci Rep","2023","2023/08/07","PMC10406950","","10.1038/s41598-023-39881-1"
"31909886","A Magnetic Resonance Spectroscopy Study of Superior Visual Search Abilities in Children with Autism Spectrum Disorder","Edmondson DA, Xia P, McNally Keehn R, Dydak U, Keehn B.","Autism Res. 2020 Apr;13(4):550-562. doi: 10.1002/aur.2258. Epub 2020 Jan 7.","Edmondson DA","Autism Res","2020","2020/01/08","PMC7688022","NIHMS1637339","10.1002/aur.2258"
"28589518","Forty Years of Sodium Channels: Structure, Function, Pharmacology, and Epilepsy","Catterall WA.","Neurochem Res. 2017 Sep;42(9):2495-2504. doi: 10.1007/s11064-017-2314-9. Epub 2017 Jun 7.","Catterall WA","Neurochem Res","2017","2017/06/08","PMC5693772","NIHMS882821","10.1007/s11064-017-2314-9"
"38373478","The expression system influences stability, maturation efficiency, and oligomeric properties of the potassium-chloride co-transporter KCC2","Kok M, Hartnett-Scott K, Happe CL, MacDonald ML, Aizenman E, Brodsky JL.","Neurochem Int. 2024 Mar;174:105695. doi: 10.1016/j.neuint.2024.105695. Epub 2024 Feb 17.","Kok M","Neurochem Int","2024","2024/02/19","PMC10923169","NIHMS1971962","10.1016/j.neuint.2024.105695"
"34782621","Deficiency of autism risk factor ASH1L in prefrontal cortex induces epigenetic aberrations and seizures","Qin L, Williams JB, Tan T, Liu T, Cao Q, Ma K, Yan Z.","Nat Commun. 2021 Nov 15;12(1):6589. doi: 10.1038/s41467-021-26972-8.","Qin L","Nat Commun","2021","2021/11/16","PMC8593046","","10.1038/s41467-021-26972-8"
"37225770","16p11.2 deletion mice exhibit compromised fronto-temporal connectivity, GABAergic dysfunction, and enhanced attentional ability","Openshaw RL, Thomson DM, Bristow GC, Mitchell EJ, Pratt JA, Morris BJ, Dawson N.","Commun Biol. 2023 May 24;6(1):557. doi: 10.1038/s42003-023-04891-2.","Openshaw RL","Commun Biol","2023","2023/05/24","PMC10209099","","10.1038/s42003-023-04891-2"
"33060559","Environmental regulation of the chloride transporter KCC2: switching inflammation off to switch the GABA on?","Pozzi D, Rasile M, Corradini I, Matteoli M.","Transl Psychiatry. 2020 Oct 15;10(1):349. doi: 10.1038/s41398-020-01027-6.","Pozzi D","Transl Psychiatry","2020","2020/10/16","PMC7562743","","10.1038/s41398-020-01027-6"
"32065131","Migration, Chemo-Attraction, and Co-Culture Assays for Human Stem Cell-Derived Endothelial Cells and GABAergic Neurons","Datta D, Vasudevan A.","J Vis Exp. 2020 Jan 23;(155):10.3791/60295. doi: 10.3791/60295.","Datta D","J Vis Exp","2020","2020/02/18","PMC7182084","NIHMS1579626","10.3791/60295"
"33907804","Global and Parallel Cortical Processing Based on Auditory Gamma Oscillatory Responses in Humans","Tada M, Kirihara K, Ishishita Y, Takasago M, Kunii N, Uka T, Shimada S, Ibayashi K, Kawai K, Saito N, Koshiyama D, Fujioka M, Araki T, Kasai K.","Cereb Cortex. 2021 Aug 26;31(10):4518-4532. doi: 10.1093/cercor/bhab103.","Tada M","Cereb Cortex","2021","2021/04/28","PMC8408476","","10.1093/cercor/bhab103"
"20643379","Fragile X: leading the way for targeted treatments in autism","Wang LW, Berry-Kravis E, Hagerman RJ.","Neurotherapeutics. 2010 Jul;7(3):264-74. doi: 10.1016/j.nurt.2010.05.005.","Wang LW","Neurotherapeutics","2010","2010/07/21","PMC4084556","NIHMS209684","10.1016/j.nurt.2010.05.005"
"33972691","Cadherin-13 is a critical regulator of GABAergic modulation in human stem-cell-derived neuronal networks","Mossink B, van Rhijn JR, Wang S, Linda K, Vitale MR, Zöller JEM, van Hugte EJH, Bak J, Verboven AHA, Selten M, Negwer M, Latour BL, van der Werf I, Keller JM, Klein Gunnewiek TM, Schoenmaker C, Oudakker A, Anania A, Jansen S, Lesch KP, Frega M, van Bokhoven H, Schubert D, Nadif Kasri N.","Mol Psychiatry. 2022 Jan;27(1):1-18. doi: 10.1038/s41380-021-01117-x. Epub 2021 May 10.","Mossink B","Mol Psychiatry","2022","2021/05/11","PMC8960401","","10.1038/s41380-021-01117-x"
"34298906","Effects of Mutations in TSC Genes on Neurodevelopment and Synaptic Transmission","Bassetti D, Luhmann HJ, Kirischuk S.","Int J Mol Sci. 2021 Jul 6;22(14):7273. doi: 10.3390/ijms22147273.","Bassetti D","Int J Mol Sci","2021","2021/07/24","PMC8305053","","10.3390/ijms22147273"
"27685800","Altered neurotransmitter metabolism in adolescents with high-functioning autism","Drenthen GS, Barendse EM, Aldenkamp AP, van Veenendaal TM, Puts NA, Edden RA, Zinger S, Thoonen G, Hendriks MP, Kessels RP, Jansen JF.","Psychiatry Res Neuroimaging. 2016 Oct 30;256:44-49. doi: 10.1016/j.pscychresns.2016.09.007. Epub 2016 Sep 20.","Drenthen GS","Psychiatry Res Neuroimaging","2016","2016/09/30","PMC5385138","NIHMS854039","10.1016/j.pscychresns.2016.09.007"
"28009282","Beyond Epilepsy and Autism: Disruption of GABRB3 Causes Ocular Hypopigmentation","Delahanty RJ, Zhang Y, Bichell TJ, Shen W, Verdier K, Macdonald RL, Xu L, Boyd K, Williams J, Kang JQ.","Cell Rep. 2016 Dec 20;17(12):3115-3124. doi: 10.1016/j.celrep.2016.11.067.","Delahanty RJ","Cell Rep","2016","2016/12/24","PMC5240804","NIHMS836970","10.1016/j.celrep.2016.11.067"
"18821008","GABA(A) receptor downregulation in brains of subjects with autism","Fatemi SH, Reutiman TJ, Folsom TD, Thuras PD.","J Autism Dev Disord. 2009 Feb;39(2):223-30. doi: 10.1007/s10803-008-0646-7. Epub 2008 Sep 23.","Fatemi SH","J Autism Dev Disord","2009","2008/09/30","PMC2697059","NIHMS121104","10.1007/s10803-008-0646-7"
"24365486","Visual motion processing and visual sensorimotor control in autism","Takarae Y, Luna B, Minshew NJ, Sweeney JA.","J Int Neuropsychol Soc. 2014 Jan;20(1):113-22. doi: 10.1017/S1355617713001203.","Takarae Y","J Int Neuropsychol Soc","2014","2013/12/25","PMC6082018","NIHMS916724","10.1017/S1355617713001203"
"35556144","Maturation Delay of Human GABAergic Neurogenesis in Fragile X Syndrome Pluripotent Stem Cells","Zhang A, Sokolova I, Domissy A, Davis J, Rao L, Hana Utami K, Wang Y, Hagerman RJ, Pouladi MA, Sanna P, Boland MJ, Loring JF.","Stem Cells Transl Med. 2022 Jun 22;11(6):613-629. doi: 10.1093/stcltm/szac022.","Zhang A","Stem Cells Transl Med","2022","2022/05/13","PMC9216490","","10.1093/stcltm/szac022"
"40257863","Requirements for the neurodevelopmental disorder-associated gene ZNF292 in human cortical interneuron development and function","Kaushik K, Chapman G, Prakasam R, Batool F, Saleh M, Determan J, Huettner JE, Kroll KL.","Cell Rep. 2025 May 27;44(5):115597. doi: 10.1016/j.celrep.2025.115597. Epub 2025 Apr 20.","Kaushik K","Cell Rep","2025","2025/04/21","PMC12283078","NIHMS2085632","10.1016/j.celrep.2025.115597"
"35821032","Generational synaptic functions of GABA(A) receptor β3 subunit deteriorations in an animal model of social deficit","Chu MC, Wu HF, Lee CW, Chung YJ, Chi H, Chen PS, Lin HC.","J Biomed Sci. 2022 Jul 11;29(1):51. doi: 10.1186/s12929-022-00835-w.","Chu MC","J Biomed Sci","2022","2022/07/12","PMC9277936","","10.1186/s12929-022-00835-w"
"27932026","Gene-environment interactions in cortical interneuron development and dysfunction: A review of preclinical studies","Ansen-Wilson LJ, Lipinski RJ.","Neurotoxicology. 2017 Jan;58:120-129. doi: 10.1016/j.neuro.2016.12.002. Epub 2016 Dec 5.","Ansen-Wilson LJ","Neurotoxicology","2017","2016/12/10","PMC5328258","NIHMS835384","10.1016/j.neuro.2016.12.002"
"28794973","Increased glutamate/GABA+ ratio in a shared autistic and schizotypal trait phenotype termed Social Disorganisation","Ford TC, Nibbs R, Crewther DP.","Neuroimage Clin. 2017 Jul 24;16:125-131. doi: 10.1016/j.nicl.2017.07.009. eCollection 2017.","Ford TC","Neuroimage Clin","2017","2017/08/11","PMC5537407","","10.1016/j.nicl.2017.07.009"
"20691252","White matter neuron alterations in schizophrenia and related disorders","Connor CM, Crawford BC, Akbarian S.","Int J Dev Neurosci. 2011 May;29(3):325-34. doi: 10.1016/j.ijdevneu.2010.07.236. Epub 2010 Aug 4.","Connor CM","Int J Dev Neurosci","2011","2010/08/10","PMC2992083","NIHMS228105","10.1016/j.ijdevneu.2010.07.236"
"31272685","Habituation Learning Is a Widely Affected Mechanism in Drosophila Models of Intellectual Disability and Autism Spectrum Disorders","Fenckova M, Blok LER, Asztalos L, Goodman DP, Cizek P, Singgih EL, Glennon JC, IntHout J, Zweier C, Eichler EE, von Reyn CR, Bernier RA, Asztalos Z, Schenck A.","Biol Psychiatry. 2019 Aug 15;86(4):294-305. doi: 10.1016/j.biopsych.2019.04.029. Epub 2019 May 9.","Fenckova M","Biol Psychiatry","2019","2019/07/06","PMC7053436","NIHMS1548822","10.1016/j.biopsych.2019.04.029"
"36307390","Neurexin1α knockout rats display oscillatory abnormalities and sensory processing deficits back-translating key endophenotypes of psychiatric disorders","Janz P, Bainier M, Marashli S, Schoenenberger P, Valencia M, Redondo RL.","Transl Psychiatry. 2022 Oct 28;12(1):455. doi: 10.1038/s41398-022-02224-1.","Janz P","Transl Psychiatry","2022","2022/10/28","PMC9616904","","10.1038/s41398-022-02224-1"
"20381588","Genetic disruption of the autism spectrum disorder risk gene PLAUR induces GABAA receptor subunit changes","Eagleson KL, Gravielle MC, Schlueter McFadyen-Ketchum LJ, Russek SJ, Farb DH, Levitt P.","Neuroscience. 2010 Jul 14;168(3):797-810. doi: 10.1016/j.neuroscience.2010.03.066. Epub 2010 Apr 7.","Eagleson KL","Neuroscience","2010","2010/04/13","PMC2880553","NIHMS195758","10.1016/j.neuroscience.2010.03.066"
"32398021","Endoplasmic reticulum retention and degradation of a mutation in SLC6A1 associated with epilepsy and autism","Wang J, Poliquin S, Mermer F, Eissman J, Delpire E, Wang J, Shen W, Cai K, Li BM, Li ZY, Xu D, Nwosu G, Flamm C, Liao WP, Shi YW, Kang JQ.","Mol Brain. 2020 May 12;13(1):76. doi: 10.1186/s13041-020-00612-6.","Wang J","Mol Brain","2020","2020/05/14","PMC7218610","","10.1186/s13041-020-00612-6"
"35907244","Histone Deacetylase Inhibition Restores Behavioral and Synaptic Function in a Mouse Model of 16p11.2 Deletion","Wang W, Tan T, Cao Q, Zhang F, Rein B, Duan WM, Yan Z.","Int J Neuropsychopharmacol. 2022 Oct 25;25(10):877-889. doi: 10.1093/ijnp/pyac048.","Wang W","Int J Neuropsychopharmacol","2022","2022/07/30","PMC9593221","","10.1093/ijnp/pyac048"
"33534145","Phenobarbital, midazolam, bumetanide, and neonatal seizures: The devil is in the details","Ben-Ari Y, Delpire E.","Epilepsia. 2021 Apr;62(4):935-940. doi: 10.1111/epi.16830. Epub 2021 Feb 3.","Ben-Ari Y","Epilepsia","2021","2021/02/03","PMC8035263","NIHMS1663510","10.1111/epi.16830"
"34633442","Gain-of-function variants in GABRD reveal a novel pathway for neurodevelopmental disorders and epilepsy","Ahring PK, Liao VWY, Gardella E, Johannesen KM, Krey I, Selmer KK, Stadheim BF, Davis H, Peinhardt C, Koko M, Coorg RK, Syrbe S, Bertsche A, Santiago-Sim T, Diemer T, Fenger CD, Platzer K, Eichler EE, Lerche H, Lemke JR, Chebib M, Møller RS.","Brain. 2022 May 24;145(4):1299-1309. doi: 10.1093/brain/awab391.","Ahring PK","Brain","2022","2021/10/11","PMC9630717","","10.1093/brain/awab391"
"40087687","Analysis of neurexin-neuroligin complexes supports an isoform-specific role for beta-neurexin-1 dysfunction in a mouse model of autism","Arias-Aragón F, Robles-Lanuza E, Sánchez-Gómez Á, Martinez-Mir A, Scholl FG.","Mol Brain. 2025 Mar 14;18(1):20. doi: 10.1186/s13041-025-01183-0.","Arias-Aragón F","Mol Brain","2025","2025/03/15","PMC11909895","","10.1186/s13041-025-01183-0"
"34028503","Common molecular mechanisms of SLC6A1 variant-mediated neurodevelopmental disorders in astrocytes and neurons","Mermer F, Poliquin S, Rigsby K, Rastogi A, Shen W, Romero-Morales A, Nwosu G, McGrath P, Demerast S, Aoto J, Bilousova G, Lal D, Gama V, Kang JQ.","Brain. 2021 Sep 4;144(8):2499-2512. doi: 10.1093/brain/awab207.","Mermer F","Brain","2021","2021/05/24","PMC8418336","","10.1093/brain/awab207"
"39485283","FGF8-mediated gene regulation affects regional identity in human cerebral organoids","Bertacchi M, Maharaux G, Loubat A, Jung M, Studer M.","Elife. 2024 Nov 1;13:e98096. doi: 10.7554/eLife.98096.","Bertacchi M","Elife","2024","2024/11/01","PMC11581432","","10.7554/eLife.98096"
"35458177","Bifidobacterium longum CCFM1077 Ameliorated Neurotransmitter Disorder and Neuroinflammation Closely Linked to Regulation in the Kynurenine Pathway of Autistic-like Rats","Kong Q, Chen Q, Mao X, Wang G, Zhao J, Zhang H, Chen W.","Nutrients. 2022 Apr 13;14(8):1615. doi: 10.3390/nu14081615.","Kong Q","Nutrients","2022","2022/04/23","PMC9031594","","10.3390/nu14081615"
"21303731","Deficits in GABA(B) receptor system in schizophrenia and mood disorders: a postmortem study","Fatemi SH, Folsom TD, Thuras PD.","Schizophr Res. 2011 May;128(1-3):37-43. doi: 10.1016/j.schres.2010.12.025. Epub 2011 Feb 8.","Fatemi SH","Schizophr Res","2011","2011/02/10","PMC3085603","NIHMS272279","10.1016/j.schres.2010.12.025"
"30799683","Altered Forebrain Functional Connectivity and Neurotransmission in a Kinase-Inactive Met Mouse Model of Autism","Tang S, Powell EM, Zhu W, Lo FS, Erzurumlu RS, Xu S.","Mol Imaging. 2019 Jan-Dec;18:1536012118821034. doi: 10.1177/1536012118821034.","Tang S","Mol Imaging","2019","2019/02/26","PMC6322103","","10.1177/1536012118821034"
"38183586","Shank3 Deficiency Results in a Reduction in GABAergic Postsynaptic Puncta in the Olfactory Brain Areas","Mihalj D, Borbelyova V, Pirnik Z, Bacova Z, Ostatnikova D, Bakos J.","Neurochem Res. 2024 Apr;49(4):1008-1016. doi: 10.1007/s11064-023-04097-2. Epub 2024 Jan 6.","Mihalj D","Neurochem Res","2024","2024/01/06","PMC10902016","","10.1007/s11064-023-04097-2"
"15615769","Epigenetic overlap in autism-spectrum neurodevelopmental disorders: MECP2 deficiency causes reduced expression of UBE3A and GABRB3","Samaco RC, Hogart A, LaSalle JM.","Hum Mol Genet. 2005 Feb 15;14(4):483-92. doi: 10.1093/hmg/ddi045. Epub 2004 Dec 22.","Samaco RC","Hum Mol Genet","2005","2004/12/24","PMC1224722","NIHMS2532","10.1093/hmg/ddi045"
"32269107","MECP2 Duplication Causes Aberrant GABA Pathways, Circuits and Behaviors in Transgenic Monkeys: Neural Mappings to Patients with Autism","Cai DC, Wang Z, Bo T, Yan S, Liu Y, Liu Z, Zeljic K, Chen X, Zhan Y, Xu X, Du Y, Wang Y, Cang J, Wang GZ, Zhang J, Sun Q, Qiu Z, Ge S, Ye Z, Wang Z.","J Neurosci. 2020 May 6;40(19):3799-3814. doi: 10.1523/JNEUROSCI.2727-19.2020. Epub 2020 Apr 8.","Cai DC","J Neurosci","2020","2020/04/10","PMC7204082","","10.1523/JNEUROSCI.2727-19.2020"
"25700501","Neuroscience. Can oxytocin treat autism?","Young LJ, Barrett CE.","Science. 2015 Feb 20;347(6224):825-6. doi: 10.1126/science.aaa8120.","Young LJ","Science","2015","2015/02/21","PMC4362686","NIHMS670029","10.1126/science.aaa8120"
"29028946","Mouse Cntnap2 and Human CNTNAP2 ASD Alleles Cell Autonomously Regulate PV+ Cortical Interneurons","Vogt D, Cho KKA, Shelton SM, Paul A, Huang ZJ, Sohal VS, Rubenstein JLR.","Cereb Cortex. 2018 Nov 1;28(11):3868-3879. doi: 10.1093/cercor/bhx248.","Vogt D","Cereb Cortex","2018","2017/10/14","PMC6455910","","10.1093/cercor/bhx248"
"20557420","Decreased GABA(B) receptors in the cingulate cortex and fusiform gyrus in autism","Oblak AL, Gibbs TT, Blatt GJ.","J Neurochem. 2010 Sep 1;114(5):1414-23. doi: 10.1111/j.1471-4159.2010.06858.x. Epub 2010 Jun 12.","Oblak AL","J Neurochem","2010","2010/06/19","PMC2923229","NIHMS217011","10.1111/j.1471-4159.2010.06858.x"
"41485614","Cortical parvalbumin-positive neurons: Functional and ontogenetic characteristics and their relationship to brain pathologies","Becerra-Hernández LV, Ortiz-Muñoz D, Sánchez-Escobar A, González-Acosta CA, Buriticá-Ramírez E, Martínez-Cerdeño V.","Brain Res. 2026 Mar 1;1874:150141. doi: 10.1016/j.brainres.2025.150141. Epub 2026 Jan 2.","Becerra-Hernández LV","Brain Res","2026","2026/01/04","","","10.1016/j.brainres.2025.150141"
"29315614","Defining the phenotypic spectrum of SLC6A1 mutations","Johannesen KM, Gardella E, Linnankivi T, Courage C, de Saint Martin A, Lehesjoki AE, Mignot C, Afenjar A, Lesca G, Abi-Warde MT, Chelly J, Piton A, Merritt JL 2nd, Rodan LH, Tan WH, Bird LM, Nespeca M, Gleeson JG, Yoo Y, Choi M, Chae JH, Czapansky-Beilman D, Reichert SC, Pendziwiat M, Verhoeven JS, Schelhaas HJ, Devinsky O, Christensen J, Specchio N, Trivisano M, Weber YG, Nava C, Keren B, Doummar D, Schaefer E, Hopkins S, Dubbs H, Shaw JE, Pisani L, Myers CT, Tang S, Tang S, Pal DK, Millichap JJ, Carvill GL, Helbig KL, Mecarelli O, Striano P, Helbig I, Rubboli G, Mefford HC, Møller RS.","Epilepsia. 2018 Feb;59(2):389-402. doi: 10.1111/epi.13986. Epub 2018 Jan 8.","Johannesen KM","Epilepsia","2018","2018/01/10","PMC5912688","NIHMS954129","10.1111/epi.13986"
"32842956","Genetic control of temperament traits across species: association of autism spectrum disorder risk genes with cattle temperament","Costilla R, Kemper KE, Byrne EM, Porto-Neto LR, Carvalheiro R, Purfield DC, Doyle JL, Berry DP, Moore SS, Wray NR, Hayes BJ.","Genet Sel Evol. 2020 Aug 26;52(1):51. doi: 10.1186/s12711-020-00569-z.","Costilla R","Genet Sel Evol","2020","2020/08/27","PMC7448488","","10.1186/s12711-020-00569-z"
"16240413","Positron emission tomography methods with potential for increased understanding of mental retardation and developmental disabilities","Sundaram SK, Chugani HT, Chugani DC.","Ment Retard Dev Disabil Res Rev. 2005;11(4):325-30. doi: 10.1002/mrdd.20086.","Sundaram SK","Ment Retard Dev Disabil Res Rev","2005","2005/10/22","","","10.1002/mrdd.20086"
"34326312","Region-specific elevations of glutamate + glutamine correlate with the sensory symptoms of autism spectrum disorders","He JL, Oeltzschner G, Mikkelsen M, Deronda A, Harris AD, Crocetti D, Wodka EL, Mostofsky SH, Edden RAE, Puts NAJ.","Transl Psychiatry. 2021 Jul 29;11(1):411. doi: 10.1038/s41398-021-01525-1.","He JL","Transl Psychiatry","2021","2021/07/30","PMC8322079","","10.1038/s41398-021-01525-1"
"29846173","Endothelial GABA signaling: a phoenix awakened","Choi YK, Vasudevan A.","Aging (Albany NY). 2018 May 22;10(5):859-860. doi: 10.18632/aging.101457.","Choi YK","Aging (Albany NY)","2018","2018/05/31","PMC5990386","","10.18632/aging.101457"
"36654288","Improved symptoms following bumetanide treatment in children aged 3-6 years with autism spectrum disorder: a randomized, double-blind, placebo-controlled trial","Dai Y, Zhang L, Yu J, Zhou X, He H, Ji Y, Wang K, Du X, Liu X, Tang Y, Deng S, Langley C, Li WG, Zhang J, Feng J, Sahakian BJ, Luo Q, Li F.","Sci Bull (Beijing). 2021 Aug 15;66(15):1591-1598. doi: 10.1016/j.scib.2021.01.008. Epub 2021 Jan 16.","Dai Y","Sci Bull (Beijing)","2021","2023/01/19","","","10.1016/j.scib.2021.01.008"
"19002745","Expression of GABA(B) receptors is altered in brains of subjects with autism","Fatemi SH, Folsom TD, Reutiman TJ, Thuras PD.","Cerebellum. 2009 Mar;8(1):64-9. doi: 10.1007/s12311-008-0075-3.","Fatemi SH","Cerebellum","2009","2008/11/13","PMC2732344","NIHMS121111","10.1007/s12311-008-0075-3"
"16770606","Investigation of autism and GABA receptor subunit genes in multiple ethnic groups","Collins AL, Ma D, Whitehead PL, Martin ER, Wright HH, Abramson RK, Hussman JP, Haines JL, Cuccaro ML, Gilbert JR, Pericak-Vance MA.","Neurogenetics. 2006 Jul;7(3):167-74. doi: 10.1007/s10048-006-0045-1. Epub 2006 Jun 13.","Collins AL","Neurogenetics","2006","2006/06/14","PMC1513515","","10.1007/s10048-006-0045-1"
"33182669","Direct Conversion of Human Stem Cell-Derived Glial Progenitor Cells into GABAergic Interneurons","Giacomoni J, Bruzelius A, Stamouli CA, Rylander Ottosson D.","Cells. 2020 Nov 10;9(11):2451. doi: 10.3390/cells9112451.","Giacomoni J","Cells","2020","2020/11/13","PMC7698048","","10.3390/cells9112451"
"23392116","GABAergic synaptic inputs of locus coeruleus neurons in wild-type and Mecp2-null mice","Jin X, Cui N, Zhong W, Jin XT, Jiang C.","Am J Physiol Cell Physiol. 2013 May 1;304(9):C844-57. doi: 10.1152/ajpcell.00399.2012. Epub 2013 Feb 7.","Jin X","Am J Physiol Cell Physiol","2013","2013/02/09","PMC3651605","","10.1152/ajpcell.00399.2012"
"38696601","Increased number of excitatory synapsis and decreased number of inhibitory synapsis in the prefrontal cortex in autism","Vakilzadeh G, Maseko BC, Bartely TD, McLennan YA, Martínez-Cerdeño V.","Cereb Cortex. 2024 May 2;34(13):121-128. doi: 10.1093/cercor/bhad268.","Vakilzadeh G","Cereb Cortex","2024","2024/05/02","PMC11065106","","10.1093/cercor/bhad268"
"31004928","Novel variants and phenotypes widen the phenotypic spectrum of GABRG2-related disorders","Komulainen-Ebrahim J, Schreiber JM, Kangas SM, Pylkäs K, Suo-Palosaari M, Rahikkala E, Liinamaa J, Immonen EV, Hassinen I, Myllynen P, Rantala H, Hinttala R, Uusimaa J.","Seizure. 2019 Jul;69:99-104. doi: 10.1016/j.seizure.2019.03.010. Epub 2019 Mar 19.","Komulainen-Ebrahim J","Seizure","2019","2019/04/21","","","10.1016/j.seizure.2019.03.010"
"38042358","The impact of maternal immune activation on GABAergic interneuron development: A systematic review of rodent studies and their translational implications","Gillespie B, Panthi S, Sundram S, Hill RA.","Neurosci Biobehav Rev. 2024 Jan;156:105488. doi: 10.1016/j.neubiorev.2023.105488. Epub 2023 Nov 30.","Gillespie B","Neurosci Biobehav Rev","2024","2023/12/02","","","10.1016/j.neubiorev.2023.105488"
"40806641","Common Genomic and Proteomic Alterations Related to Disturbed Neural Oscillatory Activity in Schizophrenia","Trombka D, Meiron O.","Int J Mol Sci. 2025 Aug 4;26(15):7514. doi: 10.3390/ijms26157514.","Trombka D","Int J Mol Sci","2025","2025/08/14","PMC12347343","","10.3390/ijms26157514"
"32424307","Excitation-inhibition balance and auditory multistable perception are correlated with autistic traits and schizotypy in a non-clinical population","Kondo HM, Lin IF.","Sci Rep. 2020 May 18;10(1):8171. doi: 10.1038/s41598-020-65126-6.","Kondo HM","Sci Rep","2020","2020/05/20","PMC7234986","","10.1038/s41598-020-65126-6"
"41761984","Ion Channel Dysregulation in Neurodevelopmental Disorders: Mechanisms, Models, and Therapeutic Advances","Shi Z, Li S, Jin X.","Front Biosci (Landmark Ed). 2026 Jan 31;31(2):43770. doi: 10.31083/FBL43770.","Shi Z","Front Biosci (Landmark Ed)","2026","2026/02/28","","","10.31083/FBL43770"
"33772085","A pioneering study indicate role of GABRQ rs3810651 in ASD severity of Indo-Caucasoid female probands","Saha S, Chatterjee M, Sinha S, Mukhopadhyay K.","Sci Rep. 2021 Mar 26;11(1):7010. doi: 10.1038/s41598-021-86496-5.","Saha S","Sci Rep","2021","2021/03/27","PMC7997895","","10.1038/s41598-021-86496-5"
"31119867","Gastrointestinal dysfunction in patients and mice expressing the autism-associated R451C mutation in neuroligin-3","Hosie S, Ellis M, Swaminathan M, Ramalhosa F, Seger GO, Balasuriya GK, Gillberg C, Råstam M, Churilov L, McKeown SJ, Yalcinkaya N, Urvil P, Savidge T, Bell CA, Bodin O, Wood J, Franks AE, Bornstein JC, Hill-Yardin EL.","Autism Res. 2019 Jul;12(7):1043-1056. doi: 10.1002/aur.2127. Epub 2019 May 22.","Hosie S","Autism Res","2019","2019/05/24","PMC6606367","NIHMS1028815","10.1002/aur.2127"
"26586374","The basolateral amygdala γ-aminobutyric acidergic system in health and disease","Prager EM, Bergstrom HC, Wynn GH, Braga MF.","J Neurosci Res. 2016 Jun;94(6):548-67. doi: 10.1002/jnr.23690. Epub 2015 Nov 19.","Prager EM","J Neurosci Res","2016","2015/11/21","PMC4837071","NIHMS731812","10.1002/jnr.23690"
"38570872","Neuroligin-2 shapes individual slow waves during slow-wave sleep and the response to sleep deprivation in mice","Leduc T, El Alami H, Bougadir K, Bélanger-Nelson E, Mongrain V.","Mol Autism. 2024 Apr 3;15(1):13. doi: 10.1186/s13229-024-00594-5.","Leduc T","Mol Autism","2024","2024/04/03","PMC10993465","","10.1186/s13229-024-00594-5"
"41706855","Human microglia in brain assembloids display region-specific diversity and respond to hyperexcitable neurons carrying SCN2A mutation","Wu J, Chen X, Zhang J, Wettschurack K, Robinson M, Li W, Zhao Y, Yoo YE, Deming BA, Shu Y, Abeyaratna AD, Que Z, Du D, Tegtmeyer M, Yuan C, Skarnes WC, Zhang ZY, Rochet JC, Wu LJ, Yang Y.","Sci Adv. 2026 Feb 20;12(8):eady2977. doi: 10.1126/sciadv.ady2977. Epub 2026 Feb 18.","Wu J","Sci Adv","2026","2026/02/18","PMC12915608","","10.1126/sciadv.ady2977"
"33542524","Activity-dependent regulome of human GABAergic neurons reveals new patterns of gene regulation and neurological disease heritability","Boulting GL, Durresi E, Ataman B, Sherman MA, Mei K, Harmin DA, Carter AC, Hochbaum DR, Granger AJ, Engreitz JM, Hrvatin S, Blanchard MR, Yang MG, Griffith EC, Greenberg ME.","Nat Neurosci. 2021 Mar;24(3):437-448. doi: 10.1038/s41593-020-00786-1. Epub 2021 Feb 4.","Boulting GL","Nat Neurosci","2021","2021/02/05","PMC7933108","NIHMS1656365","10.1038/s41593-020-00786-1"
"29483603","Bumetanide for autism: more eye contact, less amygdala activation","Hadjikhani N, Åsberg Johnels J, Lassalle A, Zürcher NR, Hippolyte L, Gillberg C, Lemonnier E, Ben-Ari Y.","Sci Rep. 2018 Feb 26;8(1):3602. doi: 10.1038/s41598-018-21958-x.","Hadjikhani N","Sci Rep","2018","2018/02/28","PMC5827728","","10.1038/s41598-018-21958-x"
"25419976","Anterior insula GABA levels correlate with emotional aspects of empathy: a proton magnetic resonance spectroscopy study","Wang Q, Zhang Z, Dong F, Chen L, Zheng L, Guo X, Li J.","PLoS One. 2014 Nov 24;9(11):e113845. doi: 10.1371/journal.pone.0113845. eCollection 2014.","Wang Q","PLoS One","2014","2014/11/25","PMC4242717","","10.1371/journal.pone.0113845"
"37434477","Vinpocetine improved neuropsychiatric and epileptic outcomes in a patient with a GABRA1 loss-of-function variant","Gjerulfsen CE, Mieszczanek TS, Johannesen KM, Liao VWY, Chebib M, Nørby HAJ, Gardella E, Rubboli G, Ahring P, Møller RS.","Ann Clin Transl Neurol. 2023 Aug;10(8):1493-1498. doi: 10.1002/acn3.51838. Epub 2023 Jul 11.","Gjerulfsen CE","Ann Clin Transl Neurol","2023","2023/07/12","PMC10424645","","10.1002/acn3.51838"
"35149383","Cellular and molecular mechanisms underlying autism spectrum disorders and associated comorbidities: A pathophysiological review","Al Dera H.","Biomed Pharmacother. 2022 Apr;148:112688. doi: 10.1016/j.biopha.2022.112688. Epub 2022 Feb 8.","Al Dera H","Biomed Pharmacother","2022","2022/02/12","","","10.1016/j.biopha.2022.112688"
"31198525","CYFIP1 overexpression increases fear response in mice but does not affect social or repetitive behavioral phenotypes","Fricano-Kugler C, Gordon A, Shin G, Gao K, Nguyen J, Berg J, Starks M, Geschwind DH.","Mol Autism. 2019 Jun 7;10:25. doi: 10.1186/s13229-019-0278-0. eCollection 2019.","Fricano-Kugler C","Mol Autism","2019","2019/06/15","PMC6555997","","10.1186/s13229-019-0278-0"
"36658491","Identifying foetal forebrain interneurons as a target for monogenic autism risk factors and the polygenic 16p11.2 microdeletion","Yang Y, Booker SA, Clegg JM, Quintana-Urzainqui I, Sumera A, Kozic Z, Dando O, Martin Lorenzo S, Herault Y, Kind PC, Price DJ, Pratt T.","BMC Neurosci. 2023 Jan 19;24(1):5. doi: 10.1186/s12868-022-00771-3.","Yang Y","BMC Neurosci","2023","2023/01/19","PMC9850541","","10.1186/s12868-022-00771-3"
"32099100","Reversal of synaptic and behavioral deficits in a 16p11.2 duplication mouse model via restoration of the GABA synapse regulator Npas4","Rein B, Tan T, Yang F, Wang W, Williams J, Zhang F, Mills A, Yan Z.","Mol Psychiatry. 2021 Jun;26(6):1967-1979. doi: 10.1038/s41380-020-0693-9. Epub 2020 Feb 25.","Rein B","Mol Psychiatry","2021","2020/02/27","PMC7483162","NIHMS1562323","10.1038/s41380-020-0693-9"
"37175835","Single-Cell Transcriptomics Reveals Conserved Regulatory Networks in Human and Mouse Interneuron Development","Keefe F, Monzón-Sandoval J, Rosser AE, Webber C, Li M.","Int J Mol Sci. 2023 May 1;24(9):8122. doi: 10.3390/ijms24098122.","Keefe F","Int J Mol Sci","2023","2023/05/13","PMC10179417","","10.3390/ijms24098122"
"20066485","mRNA and protein levels for GABAAalpha4, alpha5, beta1 and GABABR1 receptors are altered in brains from subjects with autism","Fatemi SH, Reutiman TJ, Folsom TD, Rooney RJ, Patel DH, Thuras PD.","J Autism Dev Disord. 2010 Jun;40(6):743-50. doi: 10.1007/s10803-009-0924-z.","Fatemi SH","J Autism Dev Disord","2010","2010/01/13","PMC2865581","NIHMS174919","10.1007/s10803-009-0924-z"
"40962237","Decoding the brain's excitatory-inhibitory metabolite balance in relation to sensory responsivity and autistic traits","Chen C, Tsai SY, Tahamata VM, Chuang YH, Cheng Y, Fan YT.","Neuroimage. 2025 Oct 15;320:121470. doi: 10.1016/j.neuroimage.2025.121470. Epub 2025 Sep 15.","Chen C","Neuroimage","2025","2025/09/17","","","10.1016/j.neuroimage.2025.121470"
"25124326","A novel variant in GABRB2 associated with intellectual disability and epilepsy","Srivastava S, Cohen J, Pevsner J, Aradhya S, McKnight D, Butler E, Johnston M, Fatemi A.","Am J Med Genet A. 2014 Nov;164A(11):2914-21. doi: 10.1002/ajmg.a.36714. Epub 2014 Aug 13.","Srivastava S","Am J Med Genet A","2014","2014/08/16","PMC4205182","NIHMS613203","10.1002/ajmg.a.36714"
"37788940","Hyperexcitability in the Olfactory Bulb and Impaired Fine Odor Discrimination in the Fmr1 KO Mouse Model of Fragile X Syndrome","Kuruppath P, Xue L, Pouille F, Jones ST, Schoppa NE.","J Neurosci. 2023 Nov 29;43(48):8243-8258. doi: 10.1523/JNEUROSCI.0584-23.2023.","Kuruppath P","J Neurosci","2023","2023/10/03","PMC10697393","","10.1523/JNEUROSCI.0584-23.2023"
"33446247","Schizophrenia risk ZNF804A interacts with its associated proteins to modulate dendritic morphology and synaptic development","Dong F, Mao J, Chen M, Yoon J, Mao Y.","Mol Brain. 2021 Jan 14;14(1):12. doi: 10.1186/s13041-021-00729-2.","Dong F","Mol Brain","2021","2021/01/15","PMC7809827","","10.1186/s13041-021-00729-2"
"29867371","PV Interneurons: Critical Regulators of E/I Balance for Prefrontal Cortex-Dependent Behavior and Psychiatric Disorders","Ferguson BR, Gao WJ.","Front Neural Circuits. 2018 May 16;12:37. doi: 10.3389/fncir.2018.00037. eCollection 2018.","Ferguson BR","Front Neural Circuits","2018","2018/06/06","PMC5964203","","10.3389/fncir.2018.00037"
"37558489","Interneuron-Targeted Disruption of SYNGAP1 Alters Sensory Representations in the Neocortex and Impairs Sensory Learning","Zhao M, Kwon SE.","J Neurosci. 2023 Aug 30;43(35):6212-6226. doi: 10.1523/JNEUROSCI.1997-22.2023. Epub 2023 Aug 9.","Zhao M","J Neurosci","2023","2023/08/09","PMC10476640","","10.1523/JNEUROSCI.1997-22.2023"
"40650313","Mechanistic Links Between Gut Dysbiosis, Insulin Resistance, and Autism Spectrum Disorder","Guevara-Ramírez P, Tamayo-Trujillo R, Ruiz-Pozo VA, Cadena-Ullauri S, Paz-Cruz E, Zambrano AK.","Int J Mol Sci. 2025 Jul 7;26(13):6537. doi: 10.3390/ijms26136537.","Guevara-Ramírez P","Int J Mol Sci","2025","2025/07/12","PMC12249569","","10.3390/ijms26136537"
"30703109","Kami-shoyo-san improves ASD-like behaviors caused by decreasing allopregnanolone biosynthesis in an SKF mouse model of autism","Guo QY, Ebihara K, Shimodaira T, Fujiwara H, Toume K, Dibwe DF, Awale S, Araki R, Yabe T, Matsumoto K.","PLoS One. 2019 Jan 31;14(1):e0211266. doi: 10.1371/journal.pone.0211266. eCollection 2019.","Guo QY","PLoS One","2019","2019/02/01","PMC6354989","","10.1371/journal.pone.0211266"
"25937288","The parvalbumin/somatostatin ratio is increased in Pten mutant mice and by human PTEN ASD alleles","Vogt D, Cho KKA, Lee AT, Sohal VS, Rubenstein JLR.","Cell Rep. 2015 May 12;11(6):944-956. doi: 10.1016/j.celrep.2015.04.019. Epub 2015 Apr 30.","Vogt D","Cell Rep","2015","2015/05/05","PMC4431948","NIHMS685759","10.1016/j.celrep.2015.04.019"
"40623670","Gabaergic signalling in Autism Spectrum disorders (ASD): Role of glial cells and therapeutic perspectives","Giniatullin R, Cherubini E.","Brain Behav Immun. 2025 Oct;129:681-689. doi: 10.1016/j.bbi.2025.07.003. Epub 2025 Jul 5.","Giniatullin R","Brain Behav Immun","2025","2025/07/07","","","10.1016/j.bbi.2025.07.003"
"38658850","Clinical and molecular outcomes from the 5-Year natural history study of SSADH Deficiency, a model metabolic neurodevelopmental disorder","Tokatly Latzer I, Roullet JB, Afshar-Saber W, Lee HHC, Bertoldi M, McGinty GE, DiBacco ML, Arning E, Tsuboyama M, Rotenberg A, Opladen T, Jeltsch K, García-Cazorla À, Juliá-Palacios N, Gibson KM, Sahin M, Pearl PL.","J Neurodev Disord. 2024 Apr 24;16(1):21. doi: 10.1186/s11689-024-09538-9.","Tokatly Latzer I","J Neurodev Disord","2024","2024/04/24","PMC11044349","","10.1186/s11689-024-09538-9"
"33961861","Genetic mosaicism, intrafamilial phenotypic heterogeneity, and molecular defects of a novel missense SLC6A1 mutation associated with epilepsy and ADHD","Poliquin S, Hughes I, Shen W, Mermer F, Wang J, Mack T, Xu D, Kang JQ.","Exp Neurol. 2021 Aug;342:113723. doi: 10.1016/j.expneurol.2021.113723. Epub 2021 May 5.","Poliquin S","Exp Neurol","2021","2021/05/07","PMC9116449","NIHMS1794170","10.1016/j.expneurol.2021.113723"
"29484149","Randomised controlled trial of simvastatin treatment for autism in young children with neurofibromatosis type 1 (SANTA)","Stivaros S, Garg S, Tziraki M, Cai Y, Thomas O, Mellor J, Morris AA, Jim C, Szumanska-Ryt K, Parkes LM, Haroon HA, Montaldi D, Webb N, Keane J, Castellanos FX, Silva AJ, Huson S, Williams S, Gareth Evans D, Emsley R, Green J; SANTA Consortium.","Mol Autism. 2018 Feb 22;9:12. doi: 10.1186/s13229-018-0190-z. eCollection 2018.","Stivaros S","Mol Autism","2018","2018/02/28","PMC5824534","","10.1186/s13229-018-0190-z"
"33558651","Defective AMPA-mediated synaptic transmission and morphology in human neurons with hemizygous SHANK3 deletion engrafted in mouse prefrontal cortex","Chiola S, Napan KL, Wang Y, Lazarenko RM, Armstrong CJ, Cui J, Shcheglovitov A.","Mol Psychiatry. 2021 Sep;26(9):4670-4686. doi: 10.1038/s41380-021-01023-2. Epub 2021 Feb 8.","Chiola S","Mol Psychiatry","2021","2021/02/09","PMC8349370","NIHMS1661565","10.1038/s41380-021-01023-2"
"32414783","Auxiliary α2δ1 and α2δ3 Subunits of Calcium Channels Drive Excitatory and Inhibitory Neuronal Network Development","Bikbaev A, Ciuraszkiewicz-Wojciech A, Heck J, Klatt O, Freund R, Mitlöhner J, Enrile Lacalle S, Sun M, Repetto D, Frischknecht R, Ablinger C, Rohlmann A, Missler M, Obermair GJ, Di Biase V, Heine M.","J Neurosci. 2020 Jun 17;40(25):4824-4841. doi: 10.1523/JNEUROSCI.1707-19.2020. Epub 2020 May 15.","Bikbaev A","J Neurosci","2020","2020/05/17","PMC7326358","","10.1523/JNEUROSCI.1707-19.2020"
"35380336","Immune Activation in Pregnant Rats Affects Brain Glucose Consumption, Anxiety-like Behaviour and Recognition Memory in their Male Offspring","Guerrin CGJ, Shoji A, Doorduin J, de Vries EFJ.","Mol Imaging Biol. 2022 Oct;24(5):740-749. doi: 10.1007/s11307-022-01723-3. Epub 2022 Apr 5.","Guerrin CGJ","Mol Imaging Biol","2022","2022/04/05","PMC9581871","","10.1007/s11307-022-01723-3"
"16080114","Identification of significant association and gene-gene interaction of GABA receptor subunit genes in autism","Ma DQ, Whitehead PL, Menold MM, Martin ER, Ashley-Koch AE, Mei H, Ritchie MD, Delong GR, Abramson RK, Wright HH, Cuccaro ML, Hussman JP, Gilbert JR, Pericak-Vance MA.","Am J Hum Genet. 2005 Sep;77(3):377-88. doi: 10.1086/433195. Epub 2005 Jul 15.","Ma DQ","Am J Hum Genet","2005","2005/08/05","PMC1226204","","10.1086/433195"
"23778581","mRNA and protein expression for novel GABAA receptors θ and ρ2 are altered in schizophrenia and mood disorders; relevance to FMRP-mGluR5 signaling pathway","Fatemi SH, Folsom TD, Rooney RJ, Thuras PD.","Transl Psychiatry. 2013 Jun 18;3(6):e271. doi: 10.1038/tp.2013.46.","Fatemi SH","Transl Psychiatry","2013","2013/06/20","PMC3693405","","10.1038/tp.2013.46"
"32512190","A metabolomics approach to investigate urine levels of neurotransmitters and related metabolites in autistic children","Gevi F, Belardo A, Zolla L.","Biochim Biophys Acta Mol Basis Dis. 2020 Oct 1;1866(10):165859. doi: 10.1016/j.bbadis.2020.165859. Epub 2020 Jun 5.","Gevi F","Biochim Biophys Acta Mol Basis Dis","2020","2020/06/09","","","10.1016/j.bbadis.2020.165859"
"34089506","GABA Signaling Pathway-associated Gene PLCL1 Rare Variants May be Associated with Autism Spectrum Disorders","Zheng F, Liu G, Dang T, Chen Q, An Y, Wu M, Kong X, Qiu Z, Wu BL.","Neurosci Bull. 2021 Aug;37(8):1240-1245. doi: 10.1007/s12264-021-00707-7. Epub 2021 Jun 5.","Zheng F","Neurosci Bull","2021","2021/06/05","PMC8353034","","10.1007/s12264-021-00707-7"
"20858465","Reduced GABAA receptors and benzodiazepine binding sites in the posterior cingulate cortex and fusiform gyrus in autism","Oblak AL, Gibbs TT, Blatt GJ.","Brain Res. 2011 Mar 22;1380:218-28. doi: 10.1016/j.brainres.2010.09.021. Epub 2010 Sep 19.","Oblak AL","Brain Res","2011","2010/09/23","PMC3020259","NIHMS238177","10.1016/j.brainres.2010.09.021"
"38253635","Prenatal cocaine exposure and its influence on pediatric epigenetic clocks and epigenetic scores in humans","Viola TW, Danzer C, Mardini V, Szobot C, Chrusciel JH, Stertz L, Schmitz JM, Walss-Bass C, Fries GR, Grassi-Oliveira R.","Sci Rep. 2024 Jan 23;14(1):1946. doi: 10.1038/s41598-024-52433-5.","Viola TW","Sci Rep","2024","2024/01/22","PMC10803757","","10.1038/s41598-024-52433-5"
"36121513","Molecular diversity and phenotypic pleiotropy of ancient genomic regulatory loci derived from human endogenous retrovirus type H (HERVH) promoter LTR7 and HERVK promoter LTR5_Hs and their contemporary impacts on pathophysiology of Modern Humans","Glinsky GV.","Mol Genet Genomics. 2022 Nov;297(6):1711-1740. doi: 10.1007/s00438-022-01954-7. Epub 2022 Sep 19.","Glinsky GV","Mol Genet Genomics","2022","2022/09/19","PMC9483895","","10.1007/s00438-022-01954-7"
"39529294","GABA and glutamate measurements in temporal cortex of autistic children","Saleh MG, Bloy L, Blaskey L, Roberts TPL.","Autism Res. 2024 Dec;17(12):2558-2571. doi: 10.1002/aur.3253. Epub 2024 Nov 11.","Saleh MG","Autism Res","2024","2024/11/12","PMC11638920","NIHMS2031301","10.1002/aur.3253"
"31947619","Comprehensive Analysis of GABA(A)-A1R Developmental Alterations in Rett Syndrome: Setting the Focus for Therapeutic Targets in the Time Frame of the Disease","Oyarzabal A, Xiol C, Castells AA, Grau C, O'Callaghan M, Fernández G, Alcántara S, Pineda M, Armstrong J, Altafaj X, García-Cazorla A.","Int J Mol Sci. 2020 Jan 14;21(2):518. doi: 10.3390/ijms21020518.","Oyarzabal A","Int J Mol Sci","2020","2020/01/18","PMC7014188","","10.3390/ijms21020518"
"36113784","Prenatal, but not postnatal exposure to chlorpyrifos affects social behavior of mice and the excitatory-inhibitory balance in a sex-dependent manner","Biosca-Brull J, Guardia-Escote L, Blanco J, Basaure P, Cabré M, Sánchez-Santed F, Domingo JL, Colomina MT.","Food Chem Toxicol. 2022 Nov;169:113423. doi: 10.1016/j.fct.2022.113423. Epub 2022 Sep 13.","Biosca-Brull J","Food Chem Toxicol","2022","2022/09/16","","","10.1016/j.fct.2022.113423"
"39586343","Biological mechanism of sex differences in mental rotation: Evidence from multimodal MRI, transcriptomic and receptor/transporter data","Long H, Wu H, Sun C, Xu X, Yang XH, Xiao J, Lv M, Chen Q, Fan M.","Neuroimage. 2024 Dec 15;304:120955. doi: 10.1016/j.neuroimage.2024.120955. Epub 2024 Nov 23.","Long H","Neuroimage","2024","2024/11/25","","","10.1016/j.neuroimage.2024.120955"
"17339270","15q11-13 GABAA receptor genes are normally biallelically expressed in brain yet are subject to epigenetic dysregulation in autism-spectrum disorders","Hogart A, Nagarajan RP, Patzel KA, Yasui DH, Lasalle JM.","Hum Mol Genet. 2007 Mar 15;16(6):691-703. doi: 10.1093/hmg/ddm014. Epub 2007 Mar 5.","Hogart A","Hum Mol Genet","2007","2007/03/07","PMC1934608","NIHMS22589","10.1093/hmg/ddm014"
"30809588","Impaired Interneuron Development in a Novel Model of Neonatal Brain Injury","Lacaille H, Vacher CM, Bakalar D, O'Reilly JJ, Salzbank J, Penn AA.","eNeuro. 2019 Feb 22;6(1):ENEURO.0300-18.2019. doi: 10.1523/ENEURO.0300-18.2019. eCollection 2019 Jan-Feb.","Lacaille H","eNeuro","2019","2019/02/28","PMC6390196","","10.1523/ENEURO.0300-18.2019"
"22994563","A complex of synaptic adhesion molecule CADM1, a molecule related to autism spectrum disorder, with MUPP1 in the cerebellum","Fujita E, Tanabe Y, Imhof BA, Momoi MY, Momoi T.","J Neurochem. 2012 Dec;123(5):886-94. doi: 10.1111/jnc.12022. Epub 2012 Oct 10.","Fujita E","J Neurochem","2012","2012/09/22","","","10.1111/jnc.12022"
"26318330","Dynamic changes in extracellular release of GABA and glutamate in the lateral septum during social play behavior in juvenile rats: Implications for sex-specific regulation of social play behavior","Bredewold R, Schiavo JK, van der Hart M, Verreij M, Veenema AH.","Neuroscience. 2015 Oct 29;307:117-27. doi: 10.1016/j.neuroscience.2015.08.052. Epub 2015 Aug 28.","Bredewold R","Neuroscience","2015","2015/08/31","PMC4591248","NIHMS719014","10.1016/j.neuroscience.2015.08.052"
"23233021","A randomised controlled trial of bumetanide in the treatment of autism in children","Lemonnier E, Degrez C, Phelep M, Tyzio R, Josse F, Grandgeorge M, Hadjikhani N, Ben-Ari Y.","Transl Psychiatry. 2012 Dec 11;2(12):e202. doi: 10.1038/tp.2012.124.","Lemonnier E","Transl Psychiatry","2012","2012/12/13","PMC3565189","","10.1038/tp.2012.124"
"21901840","Metabotropic glutamate receptor 5 upregulation in children with autism is associated with underexpression of both Fragile X mental retardation protein and GABAA receptor beta 3 in adults with autism","Fatemi SH, Folsom TD, Kneeland RE, Liesch SB.","Anat Rec (Hoboken). 2011 Oct;294(10):1635-45. doi: 10.1002/ar.21299. Epub 2011 Sep 8.","Fatemi SH","Anat Rec (Hoboken)","2011","2011/09/09","PMC3177171","NIHMS263847","10.1002/ar.21299"
"38467434","Retinal GABAergic Alterations in Adults with Autism Spectrum Disorder","Huang Q, Ellis CL, Leo SM, Velthuis H, Pereira AC, Dimitrov M, Ponteduro FM, Wong NML, Daly E, Murphy DGM, Mahroo OA, McAlonan GM.","J Neurosci. 2024 Apr 3;44(14):e1218232024. doi: 10.1523/JNEUROSCI.1218-23.2024.","Huang Q","J Neurosci","2024","2024/03/11","PMC10993034","","10.1523/JNEUROSCI.1218-23.2024"
"29032150","Functional analysis of schizophrenia genes using GeneAnalytics program and integrated databases","Sundararajan T, Manzardo AM, Butler MG.","Gene. 2018 Jan 30;641:25-34. doi: 10.1016/j.gene.2017.10.035. Epub 2017 Oct 13.","Sundararajan T","Gene","2018","2017/10/17","PMC6706854","NIHMS1043164","10.1016/j.gene.2017.10.035"
"33076974","Pharmacological intervention to restore connectivity deficits of neuronal networks derived from ASD patient iPSC with a TSC2 mutation","Alsaqati M, Heine VM, Harwood AJ.","Mol Autism. 2020 Oct 19;11(1):80. doi: 10.1186/s13229-020-00391-w.","Alsaqati M","Mol Autism","2020","2020/10/20","PMC7574213","","10.1186/s13229-020-00391-w"
"41603155","Predictive value of seizure onset for gross motor dysfunction in individuals with pathogenic GABRB2 and GABRB3 variants","Ortiz S, Affronte L, Bagliani C, El-Kamand S, Kan ASH, Kristoffersen IT, Dahl RS, Højte AF, Auvin S, Bouman A, Zeidler S, Kluger G, Lesca G, Chatron N, Goke-Samar Z, Papadopoulou MT, Terzi MAP, Schaefer E, de Saint Martin A, Baer S, Al Owain M, Takroni S, Al-Dhalaan H, Bonanni P, Rossi A, Zanotta N, Trivisano M, Specchio N, de Dominicis A, Striano P, Orsini A, Mancardi MM, Neuens S, Jennesson-Lyver M, Benkel-Herrenbrueck I, Genevieve D, Sidlow R, Tezcan K, Krey I, Lemke JR, Platzer K, Lederer D, Talvik I, Vaher U, Braun KPJ, Guerrot AM, More R, De Wachter M, Weckhuysen S, Carapancea E, Cilio MR, Jacobs J, Sterbova K, Balestrini S, Guerrini R, Peroni G, Mero IL, ElNaggar W, Elkhateeb N, Schmetz A, Chan DL, Mirzaa GM, Chaumette B, Legrand A, McTague A, Stödberg T, Harris RV, Berkovic SF, Scheffer IE, Chebib M, Gardella E, Ahring PK, Absalom NL, Møller RS.","Epilepsia. 2026 Apr;67(4):1945-1960. doi: 10.1002/epi.70096. Epub 2026 Jan 28.","Ortiz S","Epilepsia","2026","2026/01/28","PMC13075610","","10.1002/epi.70096"
"41107264","Neurometabolic profiles of autism spectrum disorder patients with genetic variants in specific neurotransmission and synaptic genes","Vilela J, Pereira AC, Violante IR, Mouga S, Rasga C, Santos JX, Martiniano H, Marques AR, Oliveira G, Castelo-Branco M, Vicente AM.","Sci Rep. 2025 Oct 17;15(1):36318. doi: 10.1038/s41598-025-20090-x.","Vilela J","Sci Rep","2025","2025/10/17","PMC12534664","","10.1038/s41598-025-20090-x"
"22895726","Multiple roles for mammalian target of rapamycin signaling in both glutamatergic and GABAergic synaptic transmission","Weston MC, Chen H, Swann JW.","J Neurosci. 2012 Aug 15;32(33):11441-52. doi: 10.1523/JNEUROSCI.1283-12.2012.","Weston MC","J Neurosci","2012","2012/08/17","PMC3432956","NIHMS400720","10.1523/JNEUROSCI.1283-12.2012"
"23638761","Human alpha- and beta-NRXN1 isoforms rescue behavioral impairments of Caenorhabditis elegans neurexin-deficient mutants","Calahorro F, Ruiz-Rubio M.","Genes Brain Behav. 2013 Jun;12(4):453-64. doi: 10.1111/gbb.12046. Epub 2013 May 20.","Calahorro F","Genes Brain Behav","2013","2013/05/04","","","10.1111/gbb.12046"
"28122807","The Number of Chandelier and Basket Cells Are Differentially Decreased in Prefrontal Cortex in Autism","Ariza J, Rogers H, Hashemi E, Noctor SC, Martínez-Cerdeño V.","Cereb Cortex. 2018 Feb 1;28(2):411-420. doi: 10.1093/cercor/bhw349.","Ariza J","Cereb Cortex","2018","2017/01/27","PMC6676950","","10.1093/cercor/bhw349"
"40768551","Herbal Medicines in Autism Spectrum Disorder: Therapeutic Potential, Plant Components, and Dosage Guidelines","Aldekhail NM, Khojah H, Alsaadoun NH, Al-Sanea MM, Alshammari SB, Alhazeemi AH, Aldekhail AM, Aldekhail KM, Alazmi BH, Alrayes RA, Aljaber AM, Alanazi L, Agili AAA, Gamal M.","Altern Ther Health Med. 2025 Oct;31(6):76-89.","Aldekhail NM","Altern Ther Health Med","2025","2025/08/06","","",""
"21360830","Altered posterior cingulate cortical cyctoarchitecture, but normal density of neurons and interneurons in the posterior cingulate cortex and fusiform gyrus in autism","Oblak AL, Rosene DL, Kemper TL, Bauman ML, Blatt GJ.","Autism Res. 2011 Jun;4(3):200-11. doi: 10.1002/aur.188. Epub 2011 Feb 28.","Oblak AL","Autism Res","2011","2011/03/02","PMC3110607","NIHMS266562","10.1002/aur.188"
"22841562","GABA system dysfunction in autism and related disorders: from synapse to symptoms","Coghlan S, Horder J, Inkster B, Mendez MA, Murphy DG, Nutt DJ.","Neurosci Biobehav Rev. 2012 Oct;36(9):2044-55. doi: 10.1016/j.neubiorev.2012.07.005. Epub 2012 Jul 25.","Coghlan S","Neurosci Biobehav Rev","2012","2012/07/31","PMC4477717","EMS63809","10.1016/j.neubiorev.2012.07.005"
"25047565","Elfn1 recruits presynaptic mGluR7 in trans and its loss results in seizures","Tomioka NH, Yasuda H, Miyamoto H, Hatayama M, Morimura N, Matsumoto Y, Suzuki T, Odagawa M, Odaka YS, Iwayama Y, Won Um J, Ko J, Inoue Y, Kaneko S, Hirose S, Yamada K, Yoshikawa T, Yamakawa K, Aruga J.","Nat Commun. 2014 Jul 22;5:4501. doi: 10.1038/ncomms5501.","Tomioka NH","Nat Commun","2014","2014/07/23","","","10.1038/ncomms5501"
"41778151","Low-Dose Sevoflurane Restores Prefrontal Excitatory/Inhibitory Balance and Improves Autism-Like Social Behavior: A Preclinical and Pilot Clinical Study","Xu H, Shi Z, Guo X, Deng S, Wu M, Chen B, Qin J, Xu N, Zhao T, Chang Y, Song X.","Drug Des Devel Ther. 2026 Feb 25;20:534484. doi: 10.2147/DDDT.S534484. eCollection 2026.","Xu H","Drug Des Devel Ther","2026","2026/03/04","PMC12950454","","10.2147/DDDT.S534484"
"26399424","Shared Pathways Among Autism Candidate Genes Determined by Co-expression Network Analysis of the Developing Human Brain Transcriptome","Mahfouz A, Ziats MN, Rennert OM, Lelieveldt BP, Reinders MJ.","J Mol Neurosci. 2015 Dec;57(4):580-94. doi: 10.1007/s12031-015-0641-3. Epub 2015 Sep 23.","Mahfouz A","J Mol Neurosci","2015","2015/09/25","PMC4644211","","10.1007/s12031-015-0641-3"
"19650112","Decreased GABAA receptors and benzodiazepine binding sites in the anterior cingulate cortex in autism","Oblak A, Gibbs TT, Blatt GJ.","Autism Res. 2009 Aug;2(4):205-19. doi: 10.1002/aur.88.","Oblak A","Autism Res","2009","2009/08/04","PMC2762426","NIHMS149136","10.1002/aur.88"
"35261207","Region-specific associations between gamma-aminobutyric acid A receptor binding and cortical thickness in high-functioning autistic adults","James D, Lam VT, Jo B, Fung LK.","Autism Res. 2022 Jun;15(6):1068-1082. doi: 10.1002/aur.2703. Epub 2022 Mar 8.","James D","Autism Res","2022","2022/03/09","PMC9167258","NIHMS1785313","10.1002/aur.2703"
"39366539","Social Communication in Ras Pathway Disorders: A Comprehensive Review From Genetics to Behavior in Neurofibromatosis Type 1 and Noonan Syndrome","Siqueiros-Sanchez M, Serur Y, McGhee CA, Smith TF, Green T.","Biol Psychiatry. 2025 Mar 1;97(5):461-498. doi: 10.1016/j.biopsych.2024.09.019. Epub 2024 Oct 2.","Siqueiros-Sanchez M","Biol Psychiatry","2025","2024/10/04","PMC11805629","NIHMS2044516","10.1016/j.biopsych.2024.09.019"
"25168736","The GABA excitatory/inhibitory developmental sequence: a personal journey","Ben-Ari Y.","Neuroscience. 2014 Oct 24;279:187-219. doi: 10.1016/j.neuroscience.2014.08.001. Epub 2014 Aug 26.","Ben-Ari Y","Neuroscience","2014","2014/08/30","","","10.1016/j.neuroscience.2014.08.001"
"24648391","Efficient specification of interneurons from human pluripotent stem cells by dorsoventral and rostrocaudal modulation","Kim TG, Yao R, Monnell T, Cho JH, Vasudevan A, Koh A, Peeyush KT, Moon M, Datta D, Bolshakov VY, Kim KS, Chung S.","Stem Cells. 2014 Jul;32(7):1789-804. doi: 10.1002/stem.1704.","Kim TG","Stem Cells","2014","2014/03/21","PMC4147720","NIHMS576039","10.1002/stem.1704"
"28321286","CRISPR/Cas9-mediated heterozygous knockout of the autism gene CHD8 and characterization of its transcriptional networks in cerebral organoids derived from iPS cells","Wang P, Mokhtari R, Pedrosa E, Kirschenbaum M, Bayrak C, Zheng D, Lachman HM.","Mol Autism. 2017 Mar 20;8:11. doi: 10.1186/s13229-017-0124-1. eCollection 2017.","Wang P","Mol Autism","2017","2017/03/22","PMC5357816","","10.1186/s13229-017-0124-1"
"14976444","Autism as early expression of catatonia","Dhossche DM.","Med Sci Monit. 2004 Mar;10(3):RA31-9. Epub 2004 Mar 1.","Dhossche DM","Med Sci Monit","2004","2004/02/21","","",""
"41334738","In Vivo Glx Measurements From GABA-Edited HERMES at 3 T Are Not Consistent With Those From Short-TE PRESS Across Scanners, Brain Regions, Diagnostic and Age Groups","Thomson AR, Hollestein V, Goodwin A, Fritz A, Oakley B, Murphy D, Bullock E, Demurie E, Loth E, Bussu G, Roeyers H, Yorke I, Buitelaar JK, Koziel J, Colomar L, Krol MA, Bowdler M, Herregods N, Aggensteiner P, Pullens P, Holt R, Falck-Ytter T, Charman T, Arichi T, Puts NA.","NMR Biomed. 2026 Jan;39(1):e70171. doi: 10.1002/nbm.70171.","Thomson AR","NMR Biomed","2026","2025/12/03","PMC12673632","","10.1002/nbm.70171"
"25938985","Viral-mediated Labeling and Transplantation of Medial Ganglionic Eminence (MGE) Cells for In Vivo Studies","Vogt D, Wu PR, Sorrells SF, Arnold C, Alvarez-Buylla A, Rubenstein JL.","J Vis Exp. 2015 Apr 23;(98):52740. doi: 10.3791/52740.","Vogt D","J Vis Exp","2015","2015/05/05","PMC4541591","","10.3791/52740"
"25919578","Relationship among Glutamine, γ-Aminobutyric Acid, and Social Cognition in Autism Spectrum Disorders","Cochran DM, Sikoglu EM, Hodge SM, Edden RA, Foley A, Kennedy DN, Moore CM, Frazier JA.","J Child Adolesc Psychopharmacol. 2015 May;25(4):314-22. doi: 10.1089/cap.2014.0112. Epub 2015 Apr 28.","Cochran DM","J Child Adolesc Psychopharmacol","2015","2015/04/29","PMC4442578","","10.1089/cap.2014.0112"
"41651092","Morphometric dissimilarity in association cortices linked to autism subtype with more severe symptoms","Jiang H, Rodriguez-Cruces R, Xie K, Kebets V, Wang Y, Weber CF, He Y, Kember J, Sweatman H, Tabuenca ZG, Poline JB, Bzdok D, Hong SJ, Bernhardt B, Chai X.","Neuroimage. 2026 Mar;328:121775. doi: 10.1016/j.neuroimage.2026.121775. Epub 2026 Feb 4.","Jiang H","Neuroimage","2026","2026/02/06","","","10.1016/j.neuroimage.2026.121775"
"35366058","Germline mosaicism of a missense variant in KCNC2 in a multiplex family with autism and epilepsy characterized by long-read sequencing","Mehinovic E, Gray T, Campbell M, Ekholm J, Wenger A, Rowell W, Grudo A, Grimwood J, Korlach J, Gurnett C, Constantino JN, Turner TN.","Am J Med Genet A. 2022 Jul;188(7):2071-2081. doi: 10.1002/ajmg.a.62743. Epub 2022 Apr 2.","Mehinovic E","Am J Med Genet A","2022","2022/04/02","PMC9197999","NIHMS1792681","10.1002/ajmg.a.62743"
"39337640","Cutting-Edge iPSC-Based Approaches in Studying Host-Microbe Interactions in Neuropsychiatric Disorders","Mihailovich M, Soković Bajić S, Dinić M, Đokić J, Živković M, Radojević D, Golić N.","Int J Mol Sci. 2024 Sep 21;25(18):10156. doi: 10.3390/ijms251810156.","Mihailovich M","Int J Mol Sci","2024","2024/09/28","PMC11432053","","10.3390/ijms251810156"
"31201320","Altered NMDAR signaling underlies autistic-like features in mouse models of CDKL5 deficiency disorder","Tang S, Terzic B, Wang IJ, Sarmiento N, Sizov K, Cui Y, Takano H, Marsh ED, Zhou Z, Coulter DA.","Nat Commun. 2019 Jun 14;10(1):2655. doi: 10.1038/s41467-019-10689-w.","Tang S","Nat Commun","2019","2019/06/16","PMC6572855","","10.1038/s41467-019-10689-w"
"31830809","Sexually Divergent Mortality and Partial Phenotypic Rescue After Gene Therapy in a Mouse Model of Dravet Syndrome","Niibori Y, Lee SJ, Minassian BA, Hampson DR.","Hum Gene Ther. 2020 Mar;31(5-6):339-351. doi: 10.1089/hum.2019.225. Epub 2020 Jan 16.","Niibori Y","Hum Gene Ther","2020","2019/12/14","PMC7087406","","10.1089/hum.2019.225"
"32929080","Presynaptic dysfunction in CASK-related neurodevelopmental disorders","Becker M, Mastropasqua F, Reising JP, Maier S, Ho ML, Rabkina I, Li D, Neufeld J, Ballenberger L, Myers L, Moritz V, Kele M, Wincent J, Willfors C, Sitnikov R, Herlenius E, Anderlid BM, Falk A, Bölte S, Tammimies K.","Transl Psychiatry. 2020 Sep 14;10(1):312. doi: 10.1038/s41398-020-00994-0.","Becker M","Transl Psychiatry","2020","2020/09/15","PMC7490425","","10.1038/s41398-020-00994-0"
"23642365","Directed differentiation and functional maturation of cortical interneurons from human embryonic stem cells","Maroof AM, Keros S, Tyson JA, Ying SW, Ganat YM, Merkle FT, Liu B, Goulburn A, Stanley EG, Elefanty AG, Widmer HR, Eggan K, Goldstein PA, Anderson SA, Studer L.","Cell Stem Cell. 2013 May 2;12(5):559-72. doi: 10.1016/j.stem.2013.04.008.","Maroof AM","Cell Stem Cell","2013","2013/05/07","PMC3681523","NIHMS470742","10.1016/j.stem.2013.04.008"
"17347796","Molecular epigenetics of Angelman syndrome","Lalande M, Calciano MA.","Cell Mol Life Sci. 2007 Apr;64(7-8):947-60. doi: 10.1007/s00018-007-6460-0.","Lalande M","Cell Mol Life Sci","2007","2007/03/10","PMC11136005","","10.1007/s00018-007-6460-0"
"30627633","Development of GABAergic Inputs Is Not Altered in Early Maturation of Adult Born Dentate Granule Neurons in Fragile X Mice","Remmers CL, Contractor A.","eNeuro. 2018 Dec 3;5(6):ENEURO.0137-18.2018. doi: 10.1523/ENEURO.0137-18.2018. eCollection 2018 Nov-Dec.","Remmers CL","eNeuro","2018","2019/01/11","PMC6325535","","10.1523/ENEURO.0137-18.2018"
"40867008","Directed and efficient generation of calretinin interneurons from human pluripotent stem cells","Du X, Qi R, Li C, Zhou W, Wang S, Wei S, Wu R, Yin Y, Li T, Zhu X.","Stem Cell Res Ther. 2025 Aug 27;16(1):465. doi: 10.1186/s13287-025-04603-z.","Du X","Stem Cell Res Ther","2025","2025/08/27","PMC12392484","","10.1186/s13287-025-04603-z"
"37142904","Economic Evaluation of anti-epileptic Medicines for Autistic Children with Epilepsy","Tinelli M M, Roddy A, Knapp M, Arango C, Mendez MA, Cusack J, Murphy D, Canitano R, Oakley B, Quoidbach V.","J Autism Dev Disord. 2024 Jul;54(7):2733-2741. doi: 10.1007/s10803-023-05941-8. Epub 2023 May 4.","Tinelli M M","J Autism Dev Disord","2024","2023/05/04","PMC11286621","","10.1007/s10803-023-05941-8"
"30541142","Altered sleep architecture, rapid eye movement sleep, and neural oscillation in a mouse model of human chromosome 16p11.2 microdeletion","Lu HC, Pollack H, Lefante JJ, Mills AA, Tian D.","Sleep. 2019 Mar 1;42(3):zsy253. doi: 10.1093/sleep/zsy253.","Lu HC","Sleep","2019","2018/12/13","PMC7850008","","10.1093/sleep/zsy253"
"41912527","Targeting notch signaling to restore neural development and behavior in mouse models of ASD","Hanno Y, Nakanishi M, Takase A, Nomura J, Tanaka M, Iida Y, Tanaka M, Hosokawa H, Ito M, Mikami K, Hozumi K, Miyoshi G, Takumi T, Iijima T.","Nat Commun. 2026 Mar 30;17(1):2587. doi: 10.1038/s41467-026-70321-6.","Hanno Y","Nat Commun","2026","2026/03/30","PMC13036009","","10.1038/s41467-026-70321-6"
"39827117","Resting state EEG in young children with Tuberous Sclerosis Complex: associations with medications and seizures","Clements CC, Engelstad AM, Wilkinson CL, Hyde C, Hartney M, Simmons A, Tager-Flusberg H, Jeste S, Nelson CA.","J Neurodev Disord. 2025 Jan 18;17(1):2. doi: 10.1186/s11689-025-09590-z.","Clements CC","J Neurodev Disord","2025","2025/01/18","PMC11742757","","10.1186/s11689-025-09590-z"
"30576625","Pathogenic potential of human SLC12A5 variants causing KCC2 dysfunction","Fukuda A, Watanabe M.","Brain Res. 2019 May 1;1710:1-7. doi: 10.1016/j.brainres.2018.12.025. Epub 2018 Dec 18.","Fukuda A","Brain Res","2019","2018/12/22","","","10.1016/j.brainres.2018.12.025"
"26284979","hVGAT-mCherry: A novel molecular tool for analysis of GABAergic neurons derived from human pluripotent stem cells","DeRosa BA, Belle KC, Thomas BJ, Cukier HN, Pericak-Vance MA, Vance JM, Dykxhoorn DM.","Mol Cell Neurosci. 2015 Sep;68:244-57. doi: 10.1016/j.mcn.2015.08.007. Epub 2015 Aug 16.","DeRosa BA","Mol Cell Neurosci","2015","2015/08/19","PMC4593758","NIHMS718808","10.1016/j.mcn.2015.08.007"
"34587162","Dyrk1a gene dosage in glutamatergic neurons has key effects in cognitive deficits observed in mouse models of MRD7 and Down syndrome","Brault V, Nguyen TL, Flores-Gutiérrez J, Iacono G, Birling MC, Lalanne V, Meziane H, Manousopoulou A, Pavlovic G, Lindner L, Selloum M, Sorg T, Yu E, Garbis SD, Hérault Y.","PLoS Genet. 2021 Sep 29;17(9):e1009777. doi: 10.1371/journal.pgen.1009777. eCollection 2021 Sep.","Brault V","PLoS Genet","2021","2021/09/29","PMC8480849","","10.1371/journal.pgen.1009777"
"26019381","Human prefrontal layer II interneurons in areas 46, 10 and 24","Arteaga G, Buritica E, Escobar MI, Pimienta H.","Colomb Med (Cali). 2015 Mar 30;46(1):19-25. eCollection 2015 Jan-Mar.","Arteaga G","Colomb Med (Cali)","2015","2015/05/29","PMC4437283","",""
"19358307","Decreased GAD65 mRNA levels in select subpopulations of neurons in the cerebellar dentate nuclei in autism: an in situ hybridization study","Yip J, Soghomonian JJ, Blatt GJ.","Autism Res. 2009 Feb;2(1):50-9. doi: 10.1002/aur.62.","Yip J","Autism Res","2009","2009/04/10","PMC2724747","NIHMS126719","10.1002/aur.62"
"25067827","RELN-expressing neuron density in layer I of the superior temporal lobe is similar in human brains with autism and in age-matched controls","Camacho J, Ejaz E, Ariza J, Noctor SC, Martínez-Cerdeño V.","Neurosci Lett. 2014 Sep 5;579:163-7. doi: 10.1016/j.neulet.2014.07.031. Epub 2014 Jul 25.","Camacho J","Neurosci Lett","2014","2014/07/29","PMC4324637","NIHMS616808","10.1016/j.neulet.2014.07.031"
"26575220","Deciphering H3K4me3 broad domains associated with gene-regulatory networks and conserved epigenomic landscapes in the human brain","Dincer A, Gavin DP, Xu K, Zhang B, Dudley JT, Schadt EE, Akbarian S.","Transl Psychiatry. 2015 Nov 17;5(11):e679. doi: 10.1038/tp.2015.169.","Dincer A","Transl Psychiatry","2015","2015/11/18","PMC5068762","","10.1038/tp.2015.169"
"33794534","A Role for Vasoactive Intestinal Peptide Interneurons in Neurodevelopmental Disorders","Goff KM, Goldberg EM.","Dev Neurosci. 2021;43(3-4):168-180. doi: 10.1159/000515264. Epub 2021 Apr 1.","Goff KM","Dev Neurosci","2021","2021/04/01","PMC8440337","NIHMS1676689","10.1159/000515264"
"34493831","Induction of dopaminergic neurons for neuronal subtype-specific modeling of psychiatric disease risk","Powell SK, O'Shea C, Townsley K, Prytkova I, Dobrindt K, Elahi R, Iskhakova M, Lambert T, Valada A, Liao W, Ho SM, Slesinger PA, Huckins LM, Akbarian S, Brennand KJ.","Mol Psychiatry. 2023 May;28(5):1970-1982. doi: 10.1038/s41380-021-01273-0. Epub 2021 Sep 7.","Powell SK","Mol Psychiatry","2023","2021/09/08","PMC8898985","NIHMS1734801","10.1038/s41380-021-01273-0"
"26206188","Long-lasting changes in neural networks to compensate for altered nicotinic input","John D, Berg DK.","Biochem Pharmacol. 2015 Oct 15;97(4):418-424. doi: 10.1016/j.bcp.2015.07.020. Epub 2015 Jul 20.","John D","Biochem Pharmacol","2015","2015/07/25","PMC4600434","NIHMS709599","10.1016/j.bcp.2015.07.020"
"41534728","Non-neuronal mechanisms in autism spectrum disorder (ASD): Microglia and astrocytes at the crossroads with neurons","Jäntti H, Michels S, Cherubini E, Giniatullin R, Malm T.","Brain Behav Immun. 2026 Mar;133:106275. doi: 10.1016/j.bbi.2026.106275. Epub 2026 Jan 12.","Jäntti H","Brain Behav Immun","2026","2026/01/14","","","10.1016/j.bbi.2026.106275"
"32031250","Social impairments in alternating hemiplegia of childhood","Uchitel J, Abdelnour E, Boggs A, Prange L, Pratt M, Bonner M, Jasien J, Dawson G, Abrahamsen T, Mikati MA.","Dev Med Child Neurol. 2020 Jul;62(7):820-826. doi: 10.1111/dmcn.14473. Epub 2020 Feb 7.","Uchitel J","Dev Med Child Neurol","2020","2020/02/08","","","10.1111/dmcn.14473"
"30698461","Overexpression of NEUROG2 and NEUROG1 in human embryonic stem cells produces a network of excitatory and inhibitory neurons","Lu C, Shi X, Allen A, Baez-Nieto D, Nikish A, Sanjana NE, Pan JQ.","FASEB J. 2019 Apr;33(4):5287-5299. doi: 10.1096/fj.201801110RR. Epub 2019 Jan 30.","Lu C","FASEB J","2019","2019/01/31","PMC6436650","","10.1096/fj.201801110RR"
"37852957","Exploratory evidence for differences in GABAergic regulation of auditory processing in autism spectrum disorder","Huang Q, Velthuis H, Pereira AC, Ahmad J, Cooke SF, Ellis CL, Ponteduro FM, Puts NAJ, Dimitrov M, Batalle D, Wong NML, Kowalewski L, Ivin G, Daly E, Murphy DGM, McAlonan GM.","Transl Psychiatry. 2023 Oct 18;13(1):320. doi: 10.1038/s41398-023-02619-8.","Huang Q","Transl Psychiatry","2023","2023/10/18","PMC10584846","","10.1038/s41398-023-02619-8"
"30332607","Visualizing pregnenolone sulfate-like modulators of NMDA receptor function reveals intracellular and plasma-membrane localization","Chisari M, Wilding TJ, Brunwasser S, Krishnan K, Qian M, Benz A, Huettner JE, Zorumski CF, Covey DF, Mennerick S.","Neuropharmacology. 2019 Jan;144:91-103. doi: 10.1016/j.neuropharm.2018.10.015. Epub 2018 Oct 15.","Chisari M","Neuropharmacology","2019","2018/10/18","PMC6286210","NIHMS1510285","10.1016/j.neuropharm.2018.10.015"
"36446382","Gabrb3 is required for the functional integration of pyramidal neuron subtypes in the somatosensory cortex","Babij R, Ferrer C, Donatelle A, Wacks S, Buch AM, Niemeyer JE, Ma H, Duan ZRS, Fetcho RN, Che A, Otsuka T, Schwartz TH, Huang BS, Liston C, De Marco García NV.","Neuron. 2023 Jan 18;111(2):256-274.e10. doi: 10.1016/j.neuron.2022.10.037. Epub 2022 Nov 28.","Babij R","Neuron","2023","2022/11/29","PMC9852093","NIHMS1852298","10.1016/j.neuron.2022.10.037"
"19301429","Density of cerebellar basket and stellate cells in autism: evidence for a late developmental loss of Purkinje cells","Whitney ER, Kemper TL, Rosene DL, Bauman ML, Blatt GJ.","J Neurosci Res. 2009 Aug 1;87(10):2245-54. doi: 10.1002/jnr.22056.","Whitney ER","J Neurosci Res","2009","2009/03/21","PMC2760265","NIHMS135014","10.1002/jnr.22056"
"30846682","Motor cortex excitability and inhibitory imbalance in autism spectrum disorder assessed with transcranial magnetic stimulation: a systematic review","Masuda F, Nakajima S, Miyazaki T, Yoshida K, Tsugawa S, Wada M, Ogyu K, Croarkin PE, Blumberger DM, Daskalakis ZJ, Mimura M, Noda Y.","Transl Psychiatry. 2019 Mar 7;9(1):110. doi: 10.1038/s41398-019-0444-3.","Masuda F","Transl Psychiatry","2019","2019/03/09","PMC6405856","","10.1038/s41398-019-0444-3"
"32513931","Measurement of excitation-inhibition ratio in autism spectrum disorder using critical brain dynamics","Bruining H, Hardstone R, Juarez-Martinez EL, Sprengers J, Avramiea AE, Simpraga S, Houtman SJ, Poil SS, Dallares E, Palva S, Oranje B, Matias Palva J, Mansvelder HD, Linkenkaer-Hansen K.","Sci Rep. 2020 Jun 8;10(1):9195. doi: 10.1038/s41598-020-65500-4.","Bruining H","Sci Rep","2020","2020/06/10","PMC7280527","","10.1038/s41598-020-65500-4"
"27611990","Reduced GABA and altered somatosensory function in children with autism spectrum disorder","Puts NAJ, Wodka EL, Harris AD, Crocetti D, Tommerdahl M, Mostofsky SH, Edden RAE.","Autism Res. 2017 Apr;10(4):608-619. doi: 10.1002/aur.1691. Epub 2016 Sep 9.","Puts NAJ","Autism Res","2017","2016/09/10","PMC5344784","NIHMS812098","10.1002/aur.1691"
"27639297","Ester to amide substitution improves selectivity, efficacy and kinetic behavior of a benzodiazepine positive modulator of GABA(A) receptors containing the α5 subunit","Stamenić TT, Poe MM, Rehman S, Santrač A, Divović B, Scholze P, Ernst M, Cook JM, Savić MM.","Eur J Pharmacol. 2016 Nov 15;791:433-443. doi: 10.1016/j.ejphar.2016.09.016. Epub 2016 Sep 14.","Stamenić TT","Eur J Pharmacol","2016","2016/09/19","PMC5107132","NIHMS818193","10.1016/j.ejphar.2016.09.016"
"27404513","Derisking Psychiatric Drug Development: The NIMH's Fast Fail Program, A Novel Precompetitive Model","Grabb MC, Cross AJ, Potter WZ, McCracken JT.","J Clin Psychopharmacol. 2016 Oct;36(5):419-21. doi: 10.1097/JCP.0000000000000536.","Grabb MC","J Clin Psychopharmacol","2016","2016/07/13","PMC5007185","NIHMS787742","10.1097/JCP.0000000000000536"
"38752176","Giftedness and atypical sexual differentiation: enhanced perceptual functioning through estrogen deficiency instead of androgen excess","Sakaguchi K, Tawata S.","Front Endocrinol (Lausanne). 2024 May 1;15:1343759. doi: 10.3389/fendo.2024.1343759. eCollection 2024.","Sakaguchi K","Front Endocrinol (Lausanne)","2024","2024/05/16","PMC11094242","","10.3389/fendo.2024.1343759"
"40571781","A rat Satb1 truncation causes neurodevelopmental abnormalities recapitulating the symptoms of patients with SATB1 mutations","Hu ZB, Liu WT, Li YW, Hu L, Huang Y, Liu XY, Zhang Q, Wang YB, Chen JY, Li ZX, Tu SX, Zhao L, Song NN, Klavir O, Ding YQ.","Acta Pharmacol Sin. 2025 Dec;46(12):3163-3176. doi: 10.1038/s41401-025-01588-6. Epub 2025 Jun 26.","Hu ZB","Acta Pharmacol Sin","2025","2025/06/26","PMC12644705","","10.1038/s41401-025-01588-6"
"17498672","Vibrotactile adaptation fails to enhance spatial localization in adults with autism","Tommerdahl M, Tannan V, Cascio CJ, Baranek GT, Whitsel BL.","Brain Res. 2007 Jun 18;1154:116-23. doi: 10.1016/j.brainres.2007.04.032. Epub 2007 Apr 19.","Tommerdahl M","Brain Res","2007","2007/05/15","PMC1987714","NIHMS25926","10.1016/j.brainres.2007.04.032"
"34851771","A novel de novo hemizygous ARHGEF9 mutation associated with severe intellectual disability and epilepsy: a case report","Qiu T, Dai Q, Wang Q.","J Int Med Res. 2021 Nov;49(11):3000605211058372. doi: 10.1177/03000605211058372.","Qiu T","J Int Med Res","2021","2021/12/01","PMC8647271","","10.1177/03000605211058372"
"25225882","Identification of positive allosteric modulators VU0155094 (ML397) and VU0422288 (ML396) reveals new insights into the biology of metabotropic glutamate receptor 7","Jalan-Sakrikar N, Field JR, Klar R, Mattmann ME, Gregory KJ, Zamorano R, Engers DW, Bollinger SR, Weaver CD, Days EL, Lewis LM, Utley TJ, Hurtado M, Rigault D, Acher F, Walker AG, Melancon BJ, Wood MR, Lindsley CW, Conn PJ, Xiang Z, Hopkins CR, Niswender CM.","ACS Chem Neurosci. 2014 Dec 17;5(12):1221-37. doi: 10.1021/cn500153z. Epub 2014 Oct 9.","Jalan-Sakrikar N","ACS Chem Neurosci","2014","2014/09/17","PMC4306484","","10.1021/cn500153z"
"21694734","Copy number variants and infantile spasms: evidence for abnormalities in ventral forebrain development and pathways of synaptic function","Paciorkowski AR, Thio LL, Rosenfeld JA, Gajecka M, Gurnett CA, Kulkarni S, Chung WK, Marsh ED, Gentile M, Reggin JD, Wheless JW, Balasubramanian S, Kumar R, Christian SL, Marini C, Guerrini R, Maltsev N, Shaffer LG, Dobyns WB.","Eur J Hum Genet. 2011 Dec;19(12):1238-45. doi: 10.1038/ejhg.2011.121. Epub 2011 Jun 22.","Paciorkowski AR","Eur J Hum Genet","2011","2011/06/23","PMC3230360","","10.1038/ejhg.2011.121"
"41174879","Resolving SLC6A1 variable expressivity with deep clinical phenotyping and Drosophila models","Jay KL, Gogate N, Hall PI, Ezell KM, Andrews JC, Jangam SV, Pan H, Pham K, German R, Gomez V, Jellinek-Russo E, Storch EA; Brain Gene Registry Consortium; Undiagnosed Diseases Network; Yamamoto S, Kanca O, Bellen HJ, Dierick HA, Cogan JD, Phillips JA, Hamid R, Cassini T, Rives L, Pruthi S, Chen HC, Posey JE, Wangler MF.","HGG Adv. 2026 Jan 15;7(1):100541. doi: 10.1016/j.xhgg.2025.100541. Epub 2025 Oct 31.","Jay KL","HGG Adv","2026","2025/11/01","PMC12681531","","10.1016/j.xhgg.2025.100541"
"19941058","Low-frequency repetitive transcranial magnetic stimulation (rTMS) affects event-related potential measures of novelty processing in autism","Sokhadze E, Baruth J, Tasman A, Mansoor M, Ramaswamy R, Sears L, Mathai G, El-Baz A, Casanova MF.","Appl Psychophysiol Biofeedback. 2010 Jun;35(2):147-61. doi: 10.1007/s10484-009-9121-2.","Sokhadze E","Appl Psychophysiol Biofeedback","2010","2009/11/27","PMC2876218","NIHMS163435","10.1007/s10484-009-9121-2"
"18835857","Chromosome 15q11-13 duplication syndrome brain reveals epigenetic alterations in gene expression not predicted from copy number","Hogart A, Leung KN, Wang NJ, Wu DJ, Driscoll J, Vallero RO, Schanen NC, LaSalle JM.","J Med Genet. 2009 Feb;46(2):86-93. doi: 10.1136/jmg.2008.061580. Epub 2008 Oct 7.","Hogart A","J Med Genet","2009","2008/10/07","PMC2634820","NIHMS69311","10.1136/jmg.2008.061580"
"37678443","GABA(B1) receptor knockdown in prefrontal cortex induces behavioral aberrations associated with autism spectrum disorder in mice","Wang X, Zhao Z, Guo J, Mei D, Duan Y, Zhang Y, Gou L.","Brain Res Bull. 2023 Oct 1;202:110755. doi: 10.1016/j.brainresbull.2023.110755. Epub 2023 Sep 7.","Wang X","Brain Res Bull","2023","2023/09/07","","","10.1016/j.brainresbull.2023.110755"
"36190246","Modeling Human Cerebellar Development In Vitro in 2D Structure","Madencioglu DA, Kruth KA, Wassink TH, Magnotta VA, Wemmie JA, Williams AJ.","J Vis Exp. 2022 Sep 16;(187):10.3791/64462. doi: 10.3791/64462.","Madencioglu DA","J Vis Exp","2022","2022/10/03","PMC10108866","NIHMS1884330","10.3791/64462"
"30108208","Association study and mutation sequencing of genes on chromosome 15q11-q13 identified GABRG3 as a susceptibility gene for autism in Chinese Han population","Wang L, Li J, Shuang M, Lu T, Wang Z, Zhang T, Yue W, Jia M, Ruan Y, Liu J, Wu Z, Zhang D, Wang L.","Transl Psychiatry. 2018 Aug 14;8(1):152. doi: 10.1038/s41398-018-0197-4.","Wang L","Transl Psychiatry","2018","2018/08/16","PMC6092396","","10.1038/s41398-018-0197-4"
"23707581","GABA estimation in the brains of children on the autism spectrum: measurement precision and regional cortical variation","Gaetz W, Bloy L, Wang DJ, Port RG, Blaskey L, Levy SE, Roberts TP.","Neuroimage. 2014 Feb 1;86:1-9. doi: 10.1016/j.neuroimage.2013.05.068. Epub 2013 May 24.","Gaetz W","Neuroimage","2014","2013/05/28","PMC3883951","NIHMS484862","10.1016/j.neuroimage.2013.05.068"
"32297709","Concentrations of Cortical GABA and Glutamate in Young Adults With Autism Spectrum Disorder","Kolodny T, Schallmo MP, Gerdts J, Edden RAE, Bernier RA, Murray SO.","Autism Res. 2020 Jul;13(7):1111-1129. doi: 10.1002/aur.2300. Epub 2020 Apr 16.","Kolodny T","Autism Res","2020","2020/04/17","PMC7387217","NIHMS1590624","10.1002/aur.2300"
"31451579","GABAergic Inhibition Gates Perceptual Awareness During Binocular Rivalry","Mentch J, Spiegel A, Ricciardi C, Robertson CE.","J Neurosci. 2019 Oct 16;39(42):8398-8407. doi: 10.1523/JNEUROSCI.0836-19.2019. Epub 2019 Aug 26.","Mentch J","J Neurosci","2019","2019/08/28","PMC6794916","","10.1523/JNEUROSCI.0836-19.2019"
"23660524","A vibrotactile behavioral battery for investigating somatosensory processing in children and adults","Puts NA, Edden RA, Wodka EL, Mostofsky SH, Tommerdahl M.","J Neurosci Methods. 2013 Aug 15;218(1):39-47. doi: 10.1016/j.jneumeth.2013.04.012. Epub 2013 May 6.","Puts NA","J Neurosci Methods","2013","2013/05/11","PMC4106128","NIHMS600042","10.1016/j.jneumeth.2013.04.012"
"30340090","Pluripotent stem cell-derived interneuron progenitors mature and restore memory deficits but do not suppress seizures in the epileptic mouse brain","Anderson NC, Van Zandt MA, Shrestha S, Lawrence DB, Gupta J, Chen CY, Harrsch FA, Boyi T, Dundes CE, Aaron G, Naegele JR, Grabel L.","Stem Cell Res. 2018 Dec;33:83-94. doi: 10.1016/j.scr.2018.10.007. Epub 2018 Oct 5.","Anderson NC","Stem Cell Res","2018","2018/10/20","","","10.1016/j.scr.2018.10.007"
"33109720","Evolution of regulatory signatures in primate cortical neurons at cell-type resolution","Kozlenkov A, Vermunt MW, Apontes P, Li J, Hao K, Sherwood CC, Hof PR, Ely JJ, Wegner M, Mukamel EA, Creyghton MP, Koonin EV, Dracheva S.","Proc Natl Acad Sci U S A. 2020 Nov 10;117(45):28422-28432. doi: 10.1073/pnas.2011884117. Epub 2020 Oct 27.","Kozlenkov A","Proc Natl Acad Sci U S A","2020","2020/10/28","PMC7668098","","10.1073/pnas.2011884117"
"34622779","Memory recall involves a transient break in excitatory-inhibitory balance","Koolschijn RS, Shpektor A, Clarke WT, Ip IB, Dupret D, Emir UE, Barron HC.","Elife. 2021 Oct 8;10:e70071. doi: 10.7554/eLife.70071.","Koolschijn RS","Elife","2021","2021/10/08","PMC8516417","","10.7554/eLife.70071"
"29981347","Prenatal exposure to environmental insults and enhanced risk of developing Schizophrenia and Autism Spectrum Disorder: focus on biological pathways and epigenetic mechanisms","Cattane N, Richetto J, Cattaneo A.","Neurosci Biobehav Rev. 2020 Oct;117:253-278. doi: 10.1016/j.neubiorev.2018.07.001. Epub 2018 Jul 4.","Cattane N","Neurosci Biobehav Rev","2020","2018/07/08","","","10.1016/j.neubiorev.2018.07.001"
"36681677","Excitatory/inhibitory imbalance in autism: the role of glutamate and GABA gene-sets in symptoms and cortical brain structure","Hollestein V, Poelmans G, Forde NJ, Beckmann CF, Ecker C, Mann C, Schäfer T, Moessnang C, Baumeister S, Banaschewski T, Bourgeron T, Loth E, Dell'Acqua F, Murphy DGM, Puts NA, Tillmann J, Charman T, Jones EJH, Mason L, Ambrosino S, Holt R, Bölte S, Buitelaar JK, Naaijen J.","Transl Psychiatry. 2023 Jan 21;13(1):18. doi: 10.1038/s41398-023-02317-5.","Hollestein V","Transl Psychiatry","2023","2023/01/21","PMC9867712","","10.1038/s41398-023-02317-5"
"31808517","Integrative analysis of shared genetic pathogenesis by autism spectrum disorder and obsessive-compulsive disorder","Liu D, Cao H, Kural KC, Fang Q, Zhang F.","Biosci Rep. 2019 Dec 20;39(12):BSR20191942. doi: 10.1042/BSR20191942.","Liu D","Biosci Rep","2019","2019/12/07","PMC6928520","","10.1042/BSR20191942"
"37956467","Relationships between GABA, glutamate, and GABA/glutamate and social and olfactory processing in children with autism spectrum disorder","Johnson AJ, Shankland E, Richards T, Corrigan N, Shusterman D, Edden R, Estes A, St John T, Dager S, Kleinhans NM.","Psychiatry Res Neuroimaging. 2023 Dec;336:111745. doi: 10.1016/j.pscychresns.2023.111745. Epub 2023 Nov 4.","Johnson AJ","Psychiatry Res Neuroimaging","2023","2023/11/13","PMC10841920","NIHMS1944684","10.1016/j.pscychresns.2023.111745"
"21766040","Brain plasticity and disease: a matter of inhibition","Baroncelli L, Braschi C, Spolidoro M, Begenisic T, Maffei L, Sale A.","Neural Plast. 2011;2011:286073. doi: 10.1155/2011/286073. Epub 2011 Jul 3.","Baroncelli L","Neural Plast","2011","2011/07/19","PMC3134991","","10.1155/2011/286073"
"35524181","The electroretinogram b-wave amplitude: a differential physiological measure for Attention Deficit Hyperactivity Disorder and Autism Spectrum Disorder","Lee IO, Skuse DH, Constable PA, Marmolejo-Ramos F, Olsen LR, Thompson DA.","J Neurodev Disord. 2022 May 6;14(1):30. doi: 10.1186/s11689-022-09440-2.","Lee IO","J Neurodev Disord","2022","2022/05/06","PMC9077889","","10.1186/s11689-022-09440-2"
"36127322","From bench to bedside: The mGluR5 system in people with and without Autism Spectrum Disorder and animal model systems","Carey C, Singh N, Dunn JT, Sementa T, Mendez MA, Velthuis H, Pereira AC, Pretzsch CM, Horder J, Hader S, Lythgoe DJ, Rotaru DG, Gee A, Cash D, Veronese M, Murphy D, McAlonan G.","Transl Psychiatry. 2022 Sep 20;12(1):395. doi: 10.1038/s41398-022-02143-1.","Carey C","Transl Psychiatry","2022","2022/09/20","PMC9489881","","10.1038/s41398-022-02143-1"
"32705817","Is autism driven by epilepsy in infants with Tuberous Sclerosis Complex?","Moavero R, Kotulska K, Lagae L, Benvenuto A, Emberti Gialloreti L, Weschke B, Riney K, Feucht M, Krsek P, Nabbout R, Jansen AC, Wojdan K, Borkowska J, Sadowski K, Hertzberg C, Van Schooneveld MM, Samueli S, Maulisovà A, Aronica E, Kwiatkowski DJ, Jansen FE, Jozwiak S, Curatolo P; EPISTOP Consortium.","Ann Clin Transl Neurol. 2020 Aug;7(8):1371-1381. doi: 10.1002/acn3.51128. Epub 2020 Jul 23.","Moavero R","Ann Clin Transl Neurol","2020","2020/07/25","PMC7448162","","10.1002/acn3.51128"
"20735793","Annual Research Review: Development of the cerebral cortex: implications for neurodevelopmental disorders","Rubenstein JL.","J Child Psychol Psychiatry. 2011 Apr;52(4):339-55. doi: 10.1111/j.1469-7610.2010.02307.x. Epub 2010 Aug 24.","Rubenstein JL","J Child Psychol Psychiatry","2011","2010/08/26","PMC3429600","NIHMS225863","10.1111/j.1469-7610.2010.02307.x"
"37894820","Molecular and Cellular Insights: A Focus on Glycans and the HNK1 Epitope in Autism Spectrum Disorder","Hours CM, Gil S, Gressens P.","Int J Mol Sci. 2023 Oct 13;24(20):15139. doi: 10.3390/ijms242015139.","Hours CM","Int J Mol Sci","2023","2023/10/28","PMC10606426","","10.3390/ijms242015139"
"38263132","TrkB-dependent regulation of molecular signaling across septal cell types","Rodriguez LA, Tran MN, Garcia-Flores R, Oh S, Phillips RA 3rd, Pattie EA, Divecha HR, Kim SH, Shin JH, Lee YK, Montoya C, Jaffe AE, Collado-Torres L, Page SC, Martinowich K.","Transl Psychiatry. 2024 Jan 23;14(1):52. doi: 10.1038/s41398-024-02758-6.","Rodriguez LA","Transl Psychiatry","2024","2024/01/23","PMC10805920","","10.1038/s41398-024-02758-6"
"27007844","Thalamic reticular impairment underlies attention deficit in Ptchd1(Y/-) mice","Wells MF, Wimmer RD, Schmitt LI, Feng G, Halassa MM.","Nature. 2016 Apr 7;532(7597):58-63. doi: 10.1038/nature17427. Epub 2016 Mar 23.","Wells MF","Nature","2016","2016/03/24","PMC4875756","NIHMS761320","10.1038/nature17427"
"25432637","GABA receptor subunit distribution and FMRP-mGluR5 signaling abnormalities in the cerebellum of subjects with schizophrenia, mood disorders, and autism","Fatemi SH, Folsom TD.","Schizophr Res. 2015 Sep;167(1-3):42-56. doi: 10.1016/j.schres.2014.10.010. Epub 2014 Nov 26.","Fatemi SH","Schizophr Res","2015","2014/11/30","PMC5301472","NIHMS646000","10.1016/j.schres.2014.10.010"
"41917044","Trisomy 21 Drives ADARB1 Overexpression and Premature RNA Recoding in the Developing Fetal Brain","Breen MS, Yang A, Wang X, Rodriguez de Los Santos M, Tao R, Weinberger DR, Kleinman JE, Mihova K, Stancheva G, Savova S, Kaneva R, Dimitrova V, Vladimirov V, Hyde TM, Buxbaum JD.","Nat Commun. 2026 Mar 31;17(1):2797. doi: 10.1038/s41467-026-70217-5.","Breen MS","Nat Commun","2026","2026/03/31","PMC13039865","","10.1038/s41467-026-70217-5"
"33263776","The emerging role of chromatin remodelers in neurodevelopmental disorders: a developmental perspective","Mossink B, Negwer M, Schubert D, Nadif Kasri N.","Cell Mol Life Sci. 2021 Mar;78(6):2517-2563. doi: 10.1007/s00018-020-03714-5. Epub 2020 Dec 2.","Mossink B","Cell Mol Life Sci","2021","2020/12/02","PMC8004494","","10.1007/s00018-020-03714-5"
"27748740","Arbaclofen in Children and Adolescents with Autism Spectrum Disorder: A Randomized, Controlled, Phase 2 Trial","Veenstra-VanderWeele J, Cook EH, King BH, Zarevics P, Cherubini M, Walton-Bowen K, Bear MF, Wang PP, Carpenter RL.","Neuropsychopharmacology. 2017 Jun;42(7):1390-1398. doi: 10.1038/npp.2016.237. Epub 2016 Oct 17.","Veenstra-VanderWeele J","Neuropsychopharmacology","2017","2016/10/18","PMC5436109","","10.1038/npp.2016.237"
"41277752","Mapping Resting-State Brain Functional Specialization to Neurotransmitter Profiles in Autism Spectrum Disorder","Shi D, Guan J, Wang G, Wu S, Zhuang C, Mao Y, Jia Y, Zhao N, Yan G, Wu R.","CNS Neurosci Ther. 2025 Nov;31(11):e70666. doi: 10.1111/cns.70666.","Shi D","CNS Neurosci Ther","2025","2025/11/24","PMC12641454","","10.1111/cns.70666"
"29802263","Glutamate and GABA in autism spectrum disorder-a translational magnetic resonance spectroscopy study in man and rodent models","Horder J, Petrinovic MM, Mendez MA, Bruns A, Takumi T, Spooren W, Barker GJ, Künnecke B, Murphy DG.","Transl Psychiatry. 2018 May 25;8(1):106. doi: 10.1038/s41398-018-0155-1.","Horder J","Transl Psychiatry","2018","2018/05/27","PMC5970172","","10.1038/s41398-018-0155-1"
"37443359","Early-life differences in the gut microbiota composition and functionality of infants at elevated likelihood of developing autism spectrum disorder","Zuffa S, Schimmel P, Gonzalez-Santana A, Belzer C, Knol J, Bölte S, Falck-Ytter T, Forssberg H, Swann J, Diaz Heijtz R.","Transl Psychiatry. 2023 Jul 13;13(1):257. doi: 10.1038/s41398-023-02556-6.","Zuffa S","Transl Psychiatry","2023","2023/07/14","PMC10344877","","10.1038/s41398-023-02556-6"
"31748505","Effects of cannabidivarin (CBDV) on brain excitation and inhibition systems in adults with and without Autism Spectrum Disorder (ASD): a single dose trial during magnetic resonance spectroscopy","Pretzsch CM, Voinescu B, Lythgoe D, Horder J, Mendez MA, Wichers R, Ajram L, Ivin G, Heasman M, Edden RAE, Williams S, Murphy DGM, Daly E, McAlonan GM.","Transl Psychiatry. 2019 Nov 20;9(1):313. doi: 10.1038/s41398-019-0654-8.","Pretzsch CM","Transl Psychiatry","2019","2019/11/22","PMC6868232","","10.1038/s41398-019-0654-8"
"26411965","Expanding Spectrum of Sodium Potassium Chloride Co-transporters in the Pathophysiology of Diseases","Jaggi AS, Kaur A, Bali A, Singh N.","Curr Neuropharmacol. 2015;13(3):369-88. doi: 10.2174/1570159x13666150205130359.","Jaggi AS","Curr Neuropharmacol","2015","2015/09/29","PMC4812803","","10.2174/1570159x13666150205130359"
"33393837","Succinic Semialdehyde Dehydrogenase Deficiency: Review of the Natural History Study","Pearl PL, DiBacco ML, Papadelis C, Opladen T, Hanson E, Roullet JB, Gibson KM.","J Child Neurol. 2021 Nov;36(13-14):1153-1161. doi: 10.1177/0883073820981262. Epub 2021 Jan 4.","Pearl PL","J Child Neurol","2021","2021/01/04","PMC8254814","NIHMS1650255","10.1177/0883073820981262"
"21901839","Alterations in GABAergic biomarkers in the autism brain: research findings and clinical implications","Blatt GJ, Fatemi SH.","Anat Rec (Hoboken). 2011 Oct;294(10):1646-52. doi: 10.1002/ar.21252. Epub 2011 Sep 8.","Blatt GJ","Anat Rec (Hoboken)","2011","2011/09/09","PMC3190183","NIHMS228302","10.1002/ar.21252"
"32906212","Overcoming presynaptic effects of VAMP2 mutations with 4-aminopyridine treatment","Simmons RL, Li H, Alten B, Santos MS, Jiang R, Paul B, Lalani SJ, Cortesi A, Parks K, Khandelwal N, Smith-Packard B, Phoong MA, Chez M, Fisher H, Scheuerle AE, Shinawi M, Hussain SA, Kavalali ET, Sherr EH, Voglmaier SM.","Hum Mutat. 2020 Nov;41(11):1999-2011. doi: 10.1002/humu.24109. Epub 2020 Oct 1.","Simmons RL","Hum Mutat","2020","2020/09/09","PMC10898792","NIHMS1633773","10.1002/humu.24109"
"32791992","Properties of beta oscillations in Dup15q syndrome","Saravanapandian V, Frohlich J, Hipp JF, Hyde C, Scheffler AW, Golshani P, Cook EH, Reiter LT, Senturk D, Jeste SS.","J Neurodev Disord. 2020 Aug 13;12(1):22. doi: 10.1186/s11689-020-09326-1.","Saravanapandian V","J Neurodev Disord","2020","2020/08/15","PMC7425173","","10.1186/s11689-020-09326-1"
"31685735","[Chronic Activation of the Dopaminergic Neuronal Pathway Improves Behavioral Abnormalities in the Prenatal Valproic Acid Exposure Mouse Model of Autism Spectrum Disorder]","Hara Y.","Yakugaku Zasshi. 2019;139(11):1391-1396. doi: 10.1248/yakushi.19-00131.","Hara Y","Yakugaku Zasshi","2019","2019/11/06","","","10.1248/yakushi.19-00131"
"29151244","Identification of rare noncoding sequence variants in gamma-aminobutyric acid A receptor, alpha 4 subunit in autism spectrum disorder","Griswold AJ, Van Booven D, Cuccaro ML, Haines JL, Gilbert JR, Pericak-Vance MA.","Neurogenetics. 2018 Jan;19(1):17-26. doi: 10.1007/s10048-017-0529-1. Epub 2017 Nov 18.","Griswold AJ","Neurogenetics","2018","2017/11/20","PMC5792317","NIHMS921357","10.1007/s10048-017-0529-1"
"32376999","Thalamic and prefrontal GABA concentrations but not GABA(A) receptor densities are altered in high-functioning adults with autism spectrum disorder","Fung LK, Flores RE, Gu M, Sun KL, James D, Schuck RK, Jo B, Park JH, Lee BC, Jung JH, Kim SE, Saggar M, Sacchet MD, Warnock G, Khalighi MM, Spielman D, Chin FT, Hardan AY.","Mol Psychiatry. 2021 May;26(5):1634-1646. doi: 10.1038/s41380-020-0756-y. Epub 2020 May 6.","Fung LK","Mol Psychiatry","2021","2020/05/08","PMC7644591","NIHMS1587536","10.1038/s41380-020-0756-y"
"36152629","Tissue- and cell-type-specific molecular and functional signatures of 16p11.2 reciprocal genomic disorder across mouse brain and human neuronal models","Tai DJC, Razaz P, Erdin S, Gao D, Wang J, Nuttle X, de Esch CE, Collins RL, Currall BB, O'Keefe K, Burt ND, Yadav R, Wang L, Mohajeri K, Aneichyk T, Ragavendran A, Stortchevoi A, Morini E, Ma W, Lucente D, Hastie A, Kelleher RJ, Perlis RH, Talkowski ME, Gusella JF.","Am J Hum Genet. 2022 Oct 6;109(10):1789-1813. doi: 10.1016/j.ajhg.2022.08.012. Epub 2022 Sep 23.","Tai DJC","Am J Hum Genet","2022","2022/09/24","PMC9606388","","10.1016/j.ajhg.2022.08.012"
"37050030","An Overview on Fecal Profiles of Amino Acids and Related Amino-Derived Compounds in Children with Autism Spectrum Disorder in Tunisia","Chamtouri M, Merghni A, Salazar N, Redruello B, Gaddour N, Mastouri M, Arboleya S, de Los Reyes-Gavilán CG.","Molecules. 2023 Apr 6;28(7):3269. doi: 10.3390/molecules28073269.","Chamtouri M","Molecules","2023","2023/04/13","PMC10096484","","10.3390/molecules28073269"
"30826071","Electrophysiological Phenotype in Angelman Syndrome Differs Between Genotypes","Frohlich J, Miller MT, Bird LM, Garces P, Purtell H, Hoener MC, Philpot BD, Sidorov MS, Tan WH, Hernandez MC, Rotenberg A, Jeste SS, Krishnan M, Khwaja O, Hipp JF.","Biol Psychiatry. 2019 May 1;85(9):752-759. doi: 10.1016/j.biopsych.2019.01.008. Epub 2019 Jan 19.","Frohlich J","Biol Psychiatry","2019","2019/03/04","PMC6482952","NIHMS1522841","10.1016/j.biopsych.2019.01.008"
"32066666","Symptom improvement in children with autism spectrum disorder following bumetanide administration is associated with decreased GABA/glutamate ratios","Zhang L, Huang CC, Dai Y, Luo Q, Ji Y, Wang K, Deng S, Yu J, Xu M, Du X, Tang Y, Shen C, Feng J, Sahakian BJ, Lin CP, Li F.","Transl Psychiatry. 2020 Jan 27;10(1):9. doi: 10.1038/s41398-020-0692-2.","Zhang L","Transl Psychiatry","2020","2020/02/19","PMC7026137","","10.1038/s41398-020-0692-2"
"30364390","Subcellular organization of UBE3A in human cerebral cortex","Burette AC, Judson MC, Li AN, Chang EF, Seeley WW, Philpot BD, Weinberg RJ.","Mol Autism. 2018 Oct 19;9:54. doi: 10.1186/s13229-018-0238-0. eCollection 2018.","Burette AC","Mol Autism","2018","2018/10/27","PMC6194692","","10.1186/s13229-018-0238-0"
"30282698","GABA(A) receptor availability is not altered in adults with autism spectrum disorder or in mouse models","Horder J, Andersson M, Mendez MA, Singh N, Tangen Ä, Lundberg J, Gee A, Halldin C, Veronese M, Bölte S, Farde L, Sementa T, Cash D, Higgins K, Spain D, Turkheimer F, Mick I, Selvaraj S, Nutt DJ, Lingford-Hughes A, Howes OD, Murphy DG, Borg J.","Sci Transl Med. 2018 Oct 3;10(461):eaam8434. doi: 10.1126/scitranslmed.aam8434.","Horder J","Sci Transl Med","2018","2018/10/05","","","10.1126/scitranslmed.aam8434"
"32076115","[(11)C]PBR28 MR-PET imaging reveals lower regional brain expression of translocator protein (TSPO) in young adult males with autism spectrum disorder","Zürcher NR, Loggia ML, Mullett JE, Tseng C, Bhanot A, Richey L, Hightower BG, Wu C, Parmar AJ, Butterfield RI, Dubois JM, Chonde DB, Izquierdo-Garcia D, Wey HY, Catana C, Hadjikhani N, McDougle CJ, Hooker JM.","Mol Psychiatry. 2021 May;26(5):1659-1669. doi: 10.1038/s41380-020-0682-z. Epub 2020 Feb 19.","Zürcher NR","Mol Psychiatry","2021","2020/02/21","PMC8159742","","10.1038/s41380-020-0682-z"
"26542237","GABA and Glutamate in Children with Primary Complex Motor Stereotypies: An 1H-MRS Study at 7T","Harris AD, Singer HS, Horska A, Kline T, Ryan M, Edden RA, Mahone EM.","AJNR Am J Neuroradiol. 2016 Mar;37(3):552-7. doi: 10.3174/ajnr.A4547. Epub 2015 Nov 5.","Harris AD","AJNR Am J Neuroradiol","2016","2015/11/07","PMC4792666","NIHMS716881","10.3174/ajnr.A4547"
"34990580","Dissecting the molecular basis of human interneuron migration in forebrain assembloids from Timothy syndrome","Birey F, Li MY, Gordon A, Thete MV, Valencia AM, Revah O, Paşca AM, Geschwind DH, Paşca SP.","Cell Stem Cell. 2022 Feb 3;29(2):248-264.e7. doi: 10.1016/j.stem.2021.11.011. Epub 2022 Jan 5.","Birey F","Cell Stem Cell","2022","2022/01/06","","","10.1016/j.stem.2021.11.011"
"26462458","Currently recognized genes for schizophrenia: High-resolution chromosome ideogram representation","Butler MG, McGuire AB, Masoud H, Manzardo AM.","Am J Med Genet B Neuropsychiatr Genet. 2016 Mar;171B(2):181-202. doi: 10.1002/ajmg.b.32391. Epub 2015 Oct 13.","Butler MG","Am J Med Genet B Neuropsychiatr Genet","2016","2015/10/15","PMC6679920","NIHMS1043124","10.1002/ajmg.b.32391"
"28072412","Glutamatergic and GABAergic gene sets in attention-deficit/hyperactivity disorder: association to overlapping traits in ADHD and autism","Naaijen J, Bralten J, Poelmans G; IMAGE consortium; Glennon JC, Franke B, Buitelaar JK.","Transl Psychiatry. 2017 Jan 10;7(1):e999. doi: 10.1038/tp.2016.273.","Naaijen J","Transl Psychiatry","2017","2017/01/11","PMC5545734","","10.1038/tp.2016.273"
"39904469","Regional skull translocator protein elevation in autistic adults detected by PET-MRI","Tseng CJ, Guma E, McDougle CJ, Hooker JM, Zürcher NR.","Brain Behav Immun. 2025 May;126:70-79. doi: 10.1016/j.bbi.2025.02.002. Epub 2025 Feb 2.","Tseng CJ","Brain Behav Immun","2025","2025/02/04","","","10.1016/j.bbi.2025.02.002"
"28534874","Shifting brain inhibitory balance and connectivity of the prefrontal cortex of adults with autism spectrum disorder","Ajram LA, Horder J, Mendez MA, Galanopoulos A, Brennan LP, Wichers RH, Robertson DM, Murphy CM, Zinkstok J, Ivin G, Heasman M, Meek D, Tricklebank MD, Barker GJ, Lythgoe DJ, Edden RAE, Williams SC, Murphy DGM, McAlonan GM.","Transl Psychiatry. 2017 May 23;7(5):e1137. doi: 10.1038/tp.2017.104.","Ajram LA","Transl Psychiatry","2017","2017/05/24","PMC5534939","","10.1038/tp.2017.104"
"38378836","Multi-level profiling of the Fmr1 KO rat unveils altered behavioral traits along with aberrant glutamatergic function","Ntoulas G, Brakatselos C, Nakas G, Asprogerakas MZ, Delis F, Leontiadis LJ, Trompoukis G, Papatheodoropoulos C, Gkikas D, Valakos D, Vatsellas G, Politis PK, Polissidis A, Antoniou K.","Transl Psychiatry. 2024 Feb 20;14(1):104. doi: 10.1038/s41398-024-02815-0.","Ntoulas G","Transl Psychiatry","2024","2024/02/20","PMC10879511","","10.1038/s41398-024-02815-0"
"34714519","Restoration of FMRP expression in adult V1 neurons rescues visual deficits in a mouse model of fragile X syndrome","Yang C, Tian Y, Su F, Wang Y, Liu M, Wang H, Cui Y, Yuan P, Li X, Li A, Gong H, Luo Q, Zhu D, Cao P, Liu Y, Wang X, Luo MH, Xu F, Xiong W, Wang L, Li XY, Zhang C.","Protein Cell. 2022 Mar;13(3):203-219. doi: 10.1007/s13238-021-00878-z. Epub 2021 Oct 29.","Yang C","Protein Cell","2022","2021/10/29","PMC8901859","","10.1007/s13238-021-00878-z"
"31997060","Altered GABA Concentration in Brain Motor Area Is Associated with the Severity of Motor Disabilities in Individuals with Autism Spectrum Disorder","Umesawa Y, Matsushima K, Atsumi T, Kato T, Fukatsu R, Wada M, Ide M.","J Autism Dev Disord. 2020 Aug;50(8):2710-2722. doi: 10.1007/s10803-020-04382-x.","Umesawa Y","J Autism Dev Disord","2020","2020/01/31","PMC7374467","","10.1007/s10803-020-04382-x"
"41862769","Bazedoxifene reverses sexually dimorphic autistic-like abnormalities in biallelic MDGA1-mutant mice","Kim S, Kim H, Pelayo JP, Alvarez S, Jang G, Kim J, Kim B, Hoelscher VM, Calleja-Pérez B, Jung H, Yang Y, Lee HJ, Lee J, Kim S, de la Peña MJ, Lee Y, Kim S, Han AR, Lee DS, Ji S, Yu W, Kim HM, An JY, Oh WC, Kwon SK, Kim JY, Um JW, Fernández-Jaén A, Ko J.","EMBO Mol Med. 2026 Apr;18(4):1358-1398. doi: 10.1038/s44321-026-00402-y. Epub 2026 Mar 20.","Kim S","EMBO Mol Med","2026","2026/03/21","PMC13084050","","10.1038/s44321-026-00402-y"
"32610082","A Chromatin Accessibility Atlas of the Developing Human Telencephalon","Markenscoff-Papadimitriou E, Whalen S, Przytycki P, Thomas R, Binyameen F, Nowakowski TJ, Kriegstein AR, Sanders SJ, State MW, Pollard KS, Rubenstein JL.","Cell. 2020 Aug 6;182(3):754-769.e18. doi: 10.1016/j.cell.2020.06.002. Epub 2020 Jun 30.","Markenscoff-Papadimitriou E","Cell","2020","2020/07/02","PMC7415678","NIHMS1600828","10.1016/j.cell.2020.06.002"
"22546616","The brain GABA-benzodiazepine receptor alpha-5 subtype in autism spectrum disorder: a pilot [(11)C]Ro15-4513 positron emission tomography study","Mendez MA, Horder J, Myers J, Coghlan S, Stokes P, Erritzoe D, Howes O, Lingford-Hughes A, Murphy D, Nutt D.","Neuropharmacology. 2013 May;68:195-201. doi: 10.1016/j.neuropharm.2012.04.008. Epub 2012 Apr 21.","Mendez MA","Neuropharmacology","2013","2012/05/02","PMC4489617","EMS63810","10.1016/j.neuropharm.2012.04.008"
"30758329","Effects of cannabidiol on brain excitation and inhibition systems; a randomised placebo-controlled single dose trial during magnetic resonance spectroscopy in adults with and without autism spectrum disorder","Pretzsch CM, Freyberg J, Voinescu B, Lythgoe D, Horder J, Mendez MA, Wichers R, Ajram L, Ivin G, Heasman M, Edden RAE, Williams S, Murphy DGM, Daly E, McAlonan GM.","Neuropsychopharmacology. 2019 Jul;44(8):1398-1405. doi: 10.1038/s41386-019-0333-8. Epub 2019 Feb 6.","Pretzsch CM","Neuropsychopharmacology","2019","2019/02/14","PMC6784992","","10.1038/s41386-019-0333-8"
"32129578","Neuroinflammatory Gene Expression Alterations in Anterior Cingulate Cortical White and Gray Matter of Males With Autism Spectrum Disorder","Sciara AN, Beasley B, Crawford JD, Anderson EP, Carrasco T, Zheng S, Ordway GA, Chandley MJ.","Autism Res. 2020 Jun;13(6):870-884. doi: 10.1002/aur.2284. Epub 2020 Mar 4.","Sciara AN","Autism Res","2020","2020/03/05","PMC7540672","","10.1002/aur.2284"
"27030755","Insulin-Independent GABAA Receptor-Mediated Response in the Barrel Cortex of Mice with Impaired Met Activity","Lo FS, Erzurumlu RS, Powell EM.","J Neurosci. 2016 Mar 30;36(13):3691-7. doi: 10.1523/JNEUROSCI.0006-16.2016.","Lo FS","J Neurosci","2016","2016/04/01","PMC4812129","","10.1523/JNEUROSCI.0006-16.2016"
"19667317","Decreased GABA-A binding on FMZ-PET in succinic semialdehyde dehydrogenase deficiency","Pearl PL, Gibson KM, Quezado Z, Dustin I, Taylor J, Trzcinski S, Schreiber J, Forester K, Reeves-Tyer P, Liew C, Shamim S, Herscovitch P, Carson R, Butman J, Jakobs C, Theodore W.","Neurology. 2009 Aug 11;73(6):423-9. doi: 10.1212/WNL.0b013e3181b163a5.","Pearl PL","Neurology","2009","2009/08/12","PMC2727143","","10.1212/WNL.0b013e3181b163a5"
"34403735","Parabacteroides distasonis induces depressive-like behavior in a mouse model of Crohn's disease","Gomez-Nguyen A, Basson AR, Dark-Fleury L, Hsu K, Osme A, Menghini P, Pizarro TT, Cominelli F.","Brain Behav Immun. 2021 Nov;98:245-250. doi: 10.1016/j.bbi.2021.08.218. Epub 2021 Aug 14.","Gomez-Nguyen A","Brain Behav Immun","2021","2021/08/17","PMC9217177","NIHMS1736242","10.1016/j.bbi.2021.08.218"
"32345355","Enhanced accumulation of N-terminally truncated Aβ with and without pyroglutamate-11 modification in parvalbumin-expressing GABAergic neurons in idiopathic and dup15q11.2-q13 autism","Frackowiak J, Mazur-Kolecka B, Mehta P, Wegiel J.","Acta Neuropathol Commun. 2020 Apr 28;8(1):58. doi: 10.1186/s40478-020-00923-8.","Frackowiak J","Acta Neuropathol Commun","2020","2020/04/30","PMC7189730","","10.1186/s40478-020-00923-8"
"32381101","Effects of bumetanide on neurodevelopmental impairments in patients with tuberous sclerosis complex: an open-label pilot study","van Andel DM, Sprengers JJ, Oranje B, Scheepers FE, Jansen FE, Bruining H.","Mol Autism. 2020 May 7;11(1):30. doi: 10.1186/s13229-020-00335-4.","van Andel DM","Mol Autism","2020","2020/05/09","PMC7204231","","10.1186/s13229-020-00335-4"
"27696740","Exploring the relationship between cortical GABA concentrations, auditory gamma-band responses and development in ASD: Evidence for an altered maturational trajectory in ASD","Port RG, Gaetz W, Bloy L, Wang DJ, Blaskey L, Kuschner ES, Levy SE, Brodkin ES, Roberts TPL.","Autism Res. 2017 Apr;10(4):593-607. doi: 10.1002/aur.1686. Epub 2016 Oct 1.","Port RG","Autism Res","2017","2016/10/04","PMC5376374","NIHMS806610","10.1002/aur.1686"
"25184226","Tiagabine improves hippocampal long-term depression in rat pups subjected to prenatal inflammation","Rideau Batista Novais A, Crouzin N, Cavalier M, Boubal M, Guiramand J, Cohen-Solal C, de Jesus Ferreira MC, Cambonie G, Vignes M, Barbanel G.","PLoS One. 2014 Sep 3;9(9):e106302. doi: 10.1371/journal.pone.0106302. eCollection 2014.","Rideau Batista Novais A","PLoS One","2014","2014/09/04","PMC4153642","","10.1371/journal.pone.0106302"
"28229923","Epigenetic regulation of RELN and GAD1 in the frontal cortex (FC) of autism spectrum disorder (ASD) subjects","Zhubi A, Chen Y, Guidotti A, Grayson DR.","Int J Dev Neurosci. 2017 Nov;62:63-72. doi: 10.1016/j.ijdevneu.2017.02.003. Epub 2017 Feb 14.","Zhubi A","Int J Dev Neurosci","2017","2017/02/24","PMC5575980","NIHMS857934","10.1016/j.ijdevneu.2017.02.003"
"41765140","Roles of synaptic cell adhesion molecules in the neuromodulatory systems","Li J, Kawasawa YI, Uchigashima M, Futai K.","Mol Cells. 2026 May;49(5):100340. doi: 10.1016/j.mocell.2026.100340. Epub 2026 Feb 27.","Li J","Mol Cells","2026","2026/03/01","PMC13014944","","10.1016/j.mocell.2026.100340"
"28971012","Neuromagnetic responses to tactile stimulation of the fingers: Evidence for reduced cortical inhibition for children with Autism Spectrum Disorder and children with epilepsy","Gaetz W, Jurkiewicz MT, Kessler SK, Blaskey L, Schwartz ES, Roberts TPL.","Neuroimage Clin. 2017 Jun 23;16:624-633. doi: 10.1016/j.nicl.2017.06.026. eCollection 2017.","Gaetz W","Neuroimage Clin","2017","2017/10/04","PMC5619996","","10.1016/j.nicl.2017.06.026"
"25300441","Impact of acamprosate on plasma amyloid-β precursor protein in youth: a pilot analysis in fragile X syndrome-associated and idiopathic autism spectrum disorder suggests a pharmacodynamic protein marker","Erickson CA, Ray B, Maloney B, Wink LK, Bowers K, Schaefer TL, McDougle CJ, Sokol DK, Lahiri DK.","J Psychiatr Res. 2014 Dec;59:220-8. doi: 10.1016/j.jpsychires.2014.07.011. Epub 2014 Aug 19.","Erickson CA","J Psychiatr Res","2014","2014/10/11","PMC4253657","NIHMS624122","10.1016/j.jpsychires.2014.07.011"
"41642412","Plasma KCC2, NKCC1, and GABA as peripheral biomarkers in autism spectrum disorder: a combined ROC analysis","El-Ansary A, Al-Ayadhi LY, Alfawaz HA, Al-Ghabban H, Bjørklund G.","Metab Brain Dis. 2026 Feb 5;41(1):29. doi: 10.1007/s11011-026-01791-2.","El-Ansary A","Metab Brain Dis","2026","2026/02/05","PMC12876073","","10.1007/s11011-026-01791-2"
"20370810","A preliminary transcranial magnetic stimulation study of cortical inhibition and excitability in high-functioning autism and Asperger disorder","Enticott PG, Rinehart NJ, Tonge BJ, Bradshaw JL, Fitzgerald PB.","Dev Med Child Neurol. 2010 Aug;52(8):e179-83. doi: 10.1111/j.1469-8749.2010.03665.x. Epub 2010 Mar 29.","Enticott PG","Dev Med Child Neurol","2010","2010/04/08","","","10.1111/j.1469-8749.2010.03665.x"
"41443375","Astrocytic GABA controls fidelity of temporal cortical processing in Fragile X Syndrome","Wagner VA, Thapa R, Norman AO, Varallo A, Wimberly J, Rais M, Gerasymchuk D, Piepponen TP, Razak KA, Castren ML, Ethell IM.","Neurobiol Dis. 2026 Feb;219:107233. doi: 10.1016/j.nbd.2025.107233. Epub 2025 Dec 22.","Wagner VA","Neurobiol Dis","2026","2025/12/24","","","10.1016/j.nbd.2025.107233"
"21420487","Detection of plasma autoantibodies to brain tissue in young children with and without autism spectrum disorders","Rossi CC, Van de Water J, Rogers SJ, Amaral DG.","Brain Behav Immun. 2011 Aug;25(6):1123-35. doi: 10.1016/j.bbi.2011.02.011. Epub 2011 Mar 21.","Rossi CC","Brain Behav Immun","2011","2011/03/23","PMC3313674","NIHMS283186","10.1016/j.bbi.2011.02.011"
"19945533","A model of symptomatic infantile spasms syndrome","Scantlebury MH, Galanopoulou AS, Chudomelova L, Raffo E, Betancourth D, Moshé SL.","Neurobiol Dis. 2010 Mar;37(3):604-12. doi: 10.1016/j.nbd.2009.11.011. Epub 2009 Nov 26.","Scantlebury MH","Neurobiol Dis","2010","2009/12/01","PMC2824012","NIHMS163182","10.1016/j.nbd.2009.11.011"
"24043498","Marked elevation of adrenal steroids, especially androgens, in saliva of prepubertal autistic children","Majewska MD, Hill M, Urbanowicz E, Rok-Bujko P, Bieńkowski P, Namysłowska I, Mierzejewski P.","Eur Child Adolesc Psychiatry. 2014 Jun;23(6):485-98. doi: 10.1007/s00787-013-0472-0. Epub 2013 Sep 17.","Majewska MD","Eur Child Adolesc Psychiatry","2014","2013/09/18","PMC4042015","","10.1007/s00787-013-0472-0"
"35778521","Mapping Research Domain Criteria using a transdiagnostic mini-RDoC assessment in mental disorders: a confirmatory factor analysis","Förstner BR, Tschorn M, Reinoso-Schiller N, Maričić LM, Röcher E, Kalman JL, Stroth S, Mayer AV, Schwarz K, Kaiser A, Pfennig A, Manook A, Ising M, Heinig I, Pittig A, Heinz A, Mathiak K, Schulze TG, Schneider F, Kamp-Becker I, Meyer-Lindenberg A, Padberg F, Banaschewski T, Bauer M, Rupprecht R, Wittchen HU, Rapp MA.","Eur Arch Psychiatry Clin Neurosci. 2023 Apr;273(3):527-539. doi: 10.1007/s00406-022-01440-6. Epub 2022 Jul 1.","Förstner BR","Eur Arch Psychiatry Clin Neurosci","2023","2022/07/01","PMC10085934","","10.1007/s00406-022-01440-6"
"41751547","Genomics of Complex Neurodevelopmental Disorders with Variable Epilepsy Phenotypes: A Clinical Review of Dup15q Syndrome","Thodeson D, Lockard T, Koh S.","Genes (Basel). 2026 Jan 30;17(2):163. doi: 10.3390/genes17020163.","Thodeson D","Genes (Basel)","2026","2026/02/27","PMC12940370","","10.3390/genes17020163"
"32320645","16p11 Duplication Disrupts Hippocampal-Orbitofrontal-Amygdala Connectivity, Revealing a Neural Circuit Endophenotype for Schizophrenia","Bristow GC, Thomson DM, Openshaw RL, Mitchell EJ, Pratt JA, Dawson N, Morris BJ.","Cell Rep. 2020 Apr 21;31(3):107536. doi: 10.1016/j.celrep.2020.107536.","Bristow GC","Cell Rep","2020","2020/04/23","","","10.1016/j.celrep.2020.107536"
"25979331","Methyl CpG Binding Protein 2 Gene Disruption Augments Tonic Currents of γ-Aminobutyric Acid Receptors in Locus Coeruleus Neurons: IMPACT ON NEURONAL EXCITABILITY AND BREATHING","Zhong W, Cui N, Jin X, Oginsky MF, Wu Y, Zhang S, Bondy B, Johnson CM, Jiang C.","J Biol Chem. 2015 Jul 24;290(30):18400-11. doi: 10.1074/jbc.M115.650465. Epub 2015 May 15.","Zhong W","J Biol Chem","2015","2015/05/17","PMC4513101","","10.1074/jbc.M115.650465"
"26733678","KCC2 rescues functional deficits in human neurons derived from patients with Rett syndrome","Tang X, Kim J, Zhou L, Wengert E, Zhang L, Wu Z, Carromeu C, Muotri AR, Marchetto MC, Gage FH, Chen G.","Proc Natl Acad Sci U S A. 2016 Jan 19;113(3):751-6. doi: 10.1073/pnas.1524013113. Epub 2016 Jan 5.","Tang X","Proc Natl Acad Sci U S A","2016","2016/01/07","PMC4725523","","10.1073/pnas.1524013113"
"25143608","Neural cell adhesion molecule NrCAM regulates Semaphorin 3F-induced dendritic spine remodeling","Demyanenko GP, Mohan V, Zhang X, Brennaman LH, Dharbal KE, Tran TS, Manis PB, Maness PF.","J Neurosci. 2014 Aug 20;34(34):11274-87. doi: 10.1523/JNEUROSCI.1774-14.2014.","Demyanenko GP","J Neurosci","2014","2014/08/22","PMC4138338","","10.1523/JNEUROSCI.1774-14.2014"
"29996091","A MicroRNA-Based Gene-Targeting Tool for Virally Labeling Interneurons in the Rodent Cortex","Keaveney MK, Tseng HA, Ta TL, Gritton HJ, Man HY, Han X.","Cell Rep. 2018 Jul 10;24(2):294-303. doi: 10.1016/j.celrep.2018.06.049.","Keaveney MK","Cell Rep","2018","2018/07/12","PMC6095194","NIHMS1500943","10.1016/j.celrep.2018.06.049"
"20702565","An SNP in an ultraconserved regulatory element affects Dlx5/Dlx6 regulation in the forebrain","Poitras L, Yu M, Lesage-Pelletier C, Macdonald RB, Gagné JP, Hatch G, Kelly I, Hamilton SP, Rubenstein JL, Poirier GG, Ekker M.","Development. 2010 Sep;137(18):3089-97. doi: 10.1242/dev.051052. Epub 2010 Aug 11.","Poitras L","Development","2010","2010/08/13","PMC3188590","","10.1242/dev.051052"
"22067669","The GABA(A) receptor agonist THIP ameliorates specific behavioral deficits in the mouse model of fragile X syndrome","Olmos-Serrano JL, Corbin JG, Burns MP.","Dev Neurosci. 2011;33(5):395-403. doi: 10.1159/000332884. Epub 2011 Nov 8.","Olmos-Serrano JL","Dev Neurosci","2011","2011/11/10","PMC3254038","","10.1159/000332884"
"26364591","Differentiation of human pluripotent stem cells into Medial Ganglionic Eminence vs. Caudal Ganglionic Eminence cells","Ahn S, Kim TG, Kim KS, Chung S.","Methods. 2016 May 15;101:103-12. doi: 10.1016/j.ymeth.2015.09.009. Epub 2015 Sep 10.","Ahn S","Methods","2016","2015/09/15","PMC4786472","NIHMS729636","10.1016/j.ymeth.2015.09.009"
"26401628","Two common psychophysical measures of surround suppression reflect independent neuronal mechanisms","Yazdani P, Serrano-Pedraza I, Whittaker RG, Trevelyan A, Read JC.","J Vis. 2015;15(13):21. doi: 10.1167/15.13.21.","Yazdani P","J Vis","2015","2015/09/25","","","10.1167/15.13.21"
"31536603","Lipopolysaccharide induces mouse translocator protein (18 kDa) expression via the AP-1 complex in the microglial cell line, BV-2","Shimoyama S, Furukawa T, Ogata Y, Nikaido Y, Koga K, Sakamoto Y, Ueno S, Nakamura K.","PLoS One. 2019 Sep 19;14(9):e0222861. doi: 10.1371/journal.pone.0222861. eCollection 2019.","Shimoyama S","PLoS One","2019","2019/09/20","PMC6752844","","10.1371/journal.pone.0222861"
"35120616","Quickly moving too slowly: Interneuron migration in Timothy Syndrome","Fernando MB, Brennand KJ.","Cell Stem Cell. 2022 Feb 3;29(2):181-183. doi: 10.1016/j.stem.2022.01.004.","Fernando MB","Cell Stem Cell","2022","2022/02/05","","","10.1016/j.stem.2022.01.004"
"41633963","Treating autism with Bumetanide: Identification of responders using Q-Finder machine learning algorithm","Rabiei H, Begnis M, Lemonnier E, Ben-Ari Y.","Transl Psychiatry. 2026 Feb 3;16(1):66. doi: 10.1038/s41398-026-03848-3.","Rabiei H","Transl Psychiatry","2026","2026/02/03","PMC12873185","","10.1038/s41398-026-03848-3"
"21642956","An autism-associated point mutation in the neuroligin cytoplasmic tail selectively impairs AMPA receptor-mediated synaptic transmission in hippocampus","Etherton MR, Tabuchi K, Sharma M, Ko J, Südhof TC.","EMBO J. 2011 Jun 3;30(14):2908-19. doi: 10.1038/emboj.2011.182.","Etherton MR","EMBO J","2011","2011/06/07","PMC3160244","","10.1038/emboj.2011.182"
"16780633","Autistic regression associated with seizure onset in an infant with tuberous sclerosis","Humphrey A, Neville BG, Clarke A, Bolton PF.","Dev Med Child Neurol. 2006 Jul;48(7):609-11. doi: 10.1017/S0012162206001277.","Humphrey A","Dev Med Child Neurol","2006","2006/06/20","","","10.1017/S0012162206001277"
