PMID,Title,Authors,Citation,First Author,Journal/Book,Publication Year,Create Date,PMCID,NIHMS ID,DOI
"34866764","Endocrine Disruptors-'Food' for Thought","Mukherjee R, Pandya P, Baxi D, Ramachandran AV.","Proc Zool Soc. 2021;74(4):432-442. doi: 10.1007/s12595-021-00414-1. Epub 2021 Dec 1.","Mukherjee R","Proc Zool Soc","2021","2021/12/06","PMC8632730","","10.1007/s12595-021-00414-1"
"31838026","Mechanisms of action of agrochemicals acting as endocrine disrupting chemicals","Warner GR, Mourikes VE, Neff AM, Brehm E, Flaws JA.","Mol Cell Endocrinol. 2020 Feb 15;502:110680. doi: 10.1016/j.mce.2019.110680. Epub 2019 Dec 12.","Warner GR","Mol Cell Endocrinol","2020","2019/12/16","PMC6942667","NIHMS1547195","10.1016/j.mce.2019.110680"
"39767584","Impact of Endocrine Disrupting Pesticide Use on Obesity: A Systematic Review","Pérez-Bermejo M, Barrezueta-Aguilar C, Pérez-Murillo J, Ventura I, Legidos-García ME, Tomás-Aguirre F, Tejeda-Adell M, Martínez-Peris M, Marí-Beltrán B, Murillo-Llorente MT.","Biomedicines. 2024 Nov 24;12(12):2677. doi: 10.3390/biomedicines12122677.","Pérez-Bermejo M","Biomedicines","2024","2025/01/08","PMC11727303","","10.3390/biomedicines12122677"
"33790858","Controversies on Endocrine and Reproductive Effects of Glyphosate and Glyphosate-Based Herbicides: A Mini-Review","de Araújo-Ramos AT, Passoni MT, Romano MA, Romano RM, Martino-Andrade AJ.","Front Endocrinol (Lausanne). 2021 Mar 15;12:627210. doi: 10.3389/fendo.2021.627210. eCollection 2021.","de Araújo-Ramos AT","Front Endocrinol (Lausanne)","2021","2021/04/01","PMC8006305","","10.3389/fendo.2021.627210"
"34527172","The Beneficial Role of Natural Endocrine Disruptors: Phytoestrogens in Alzheimer's Disease","Domańska A, Orzechowski A, Litwiniuk A, Kalisz M, Bik W, Baranowska-Bik A.","Oxid Med Cell Longev. 2021 Sep 3;2021:3961445. doi: 10.1155/2021/3961445. eCollection 2021.","Domańska A","Oxid Med Cell Longev","2021","2021/09/16","PMC8437597","","10.1155/2021/3961445"
"41149759","Scientific and Regulatory Perspectives on Chemical Risk Assessment of Pesticides in the European Union","Buonsenso F.","J Xenobiot. 2025 Oct 21;15(5):173. doi: 10.3390/jox15050173.","Buonsenso F","J Xenobiot","2025","2025/10/28","PMC12565433","","10.3390/jox15050173"
"33449914","Obesity and endocrine-disrupting chemicals","Amato AA, Wheeler HB, Blumberg B.","Endocr Connect. 2021 Feb;10(2):R87-R105. doi: 10.1530/EC-20-0578.","Amato AA","Endocr Connect","2021","2021/01/15","PMC7983487","","10.1530/EC-20-0578"
"41114400","Pesticides, an urgent challenge to global environmental health and planetary boundaries","Vandenberg LN, Pierce EJ, Arsenault RM.","Front Toxicol. 2025 Oct 3;7:1656297. doi: 10.3389/ftox.2025.1656297. eCollection 2025.","Vandenberg LN","Front Toxicol","2025","2025/10/20","PMC12531173","","10.3389/ftox.2025.1656297"
"35163501","Endocrine-Disrupting Chemicals and Their Adverse Effects on the Endoplasmic Reticulum","Kim K, Kwon JS, Ahn C, Jeung EB.","Int J Mol Sci. 2022 Jan 29;23(3):1581. doi: 10.3390/ijms23031581.","Kim K","Int J Mol Sci","2022","2022/02/15","PMC8836273","","10.3390/ijms23031581"
"34430217","Endocrine disruptors also function as nervous disruptors and can be renamed endocrine and nervous disruptors (ENDs)","Seralini GE, Jungers G.","Toxicol Rep. 2021 Jul 31;8:1538-1557. doi: 10.1016/j.toxrep.2021.07.014. eCollection 2021.","Seralini GE","Toxicol Rep","2021","2021/08/25","PMC8365328","","10.1016/j.toxrep.2021.07.014"
"35625608","Obesogens in Foods","Kladnicka I, Bludovska M, Plavinova I, Muller L, Mullerova D.","Biomolecules. 2022 May 9;12(5):680. doi: 10.3390/biom12050680.","Kladnicka I","Biomolecules","2022","2022/05/28","PMC9138445","","10.3390/biom12050680"
"34631497","Trans-disciplinary diagnosis for an in-depth reform of regulatory expertise in the field of environmental toxicology and security","Spiroux de Vendômois J, Bourdineaud JP, Apoteker A, Defarge N, Gaillard E, Lepage C, Testart J, Vélot C.","Toxicol Res. 2021 Jan 25;37(4):405-419. doi: 10.1007/s43188-020-00075-w. eCollection 2021 Oct.","Spiroux de Vendômois J","Toxicol Res","2021","2021/10/11","PMC8476664","","10.1007/s43188-020-00075-w"
"35622659","In Vivo Estimation of the Biological Effects of Endocrine Disruptors in Rabbits after Combined and Long-Term Exposure: Study Protocol","Karzi V, Tzatzarakis MN, Alegakis A, Vakonaki E, Fragkiadoulaki I, Kaloudis K, Chalkiadaki C, Apalaki P, Panagiotopoulou M, Kalliantasi A, Kouretas D, Docea AO, Calina D, Tsatsakis A.","Toxics. 2022 May 12;10(5):246. doi: 10.3390/toxics10050246.","Karzi V","Toxics","2022","2022/05/27","PMC9148075","","10.3390/toxics10050246"
"22419778","Hormones and endocrine-disrupting chemicals: low-dose effects and nonmonotonic dose responses","Vandenberg LN, Colborn T, Hayes TB, Heindel JJ, Jacobs DR Jr, Lee DH, Shioda T, Soto AM, vom Saal FS, Welshons WV, Zoeller RT, Myers JP.","Endocr Rev. 2012 Jun;33(3):378-455. doi: 10.1210/er.2011-1050. Epub 2012 Mar 14.","Vandenberg LN","Endocr Rev","2012","2012/03/16","PMC3365860","","10.1210/er.2011-1050"
"35448451","A Mixture of Endocrine Disruptors and the Pesticide Roundup(®) Induce Oxidative Stress in Rabbit Liver When Administered under the Long-Term Low-Dose Regimen: Reinforcing the Notion of Real-Life Risk Simulation","Vardakas P, Veskoukis AS, Rossiou D, Gournikis C, Kapetanopoulou T, Karzi V, Docea AO, Tsatsakis A, Kouretas D.","Toxics. 2022 Apr 14;10(4):190. doi: 10.3390/toxics10040190.","Vardakas P","Toxics","2022","2022/04/21","PMC9029199","","10.3390/toxics10040190"
"35395240","Obesity II: Establishing causal links between chemical exposures and obesity","Heindel JJ, Howard S, Agay-Shay K, Arrebola JP, Audouze K, Babin PJ, Barouki R, Bansal A, Blanc E, Cave MC, Chatterjee S, Chevalier N, Choudhury M, Collier D, Connolly L, Coumoul X, Garruti G, Gilbertson M, Hoepner LA, Holloway AC, Howell G 3rd, Kassotis CD, Kay MK, Kim MJ, Lagadic-Gossmann D, Langouet S, Legrand A, Li Z, Le Mentec H, Lind L, Monica Lind P, Lustig RH, Martin-Chouly C, Munic Kos V, Podechard N, Roepke TA, Sargis RM, Starling A, Tomlinson CR, Touma C, Vondracek J, Vom Saal F, Blumberg B.","Biochem Pharmacol. 2022 May;199:115015. doi: 10.1016/j.bcp.2022.115015. Epub 2022 Apr 5.","Heindel JJ","Biochem Pharmacol","2022","2022/04/08","PMC9124454","NIHMS1795070","10.1016/j.bcp.2022.115015"
"41346426","The ENDOMIX project: an interdisciplinary approach to understanding how real-life chemical mixtures target the immune system to trigger disease","Zenclussen AC, Belmar Erilkin V, Böhmert L, Borilova Linhartova P, Braeuning A, Braun G, Chevrier C, Duijts L, Escher BI, Felix J, Gómez-Olarte S, Guxens M, Herberth G, Hilscherova K, Klanova J, Kohl Y, Krischak K, Lagadic-Gossmann D, Langouët S, Llop S, Lopez-Espinosa MJ, Maitre L, Martin-Chouly C, Meyer N, Ouidir M, Pham TAM, Philippat C, Pieters R, Pinel-Marie ML, Podechard N, Polte T, Price E, Robinson O, Schubert K, Schumacher A, Stojanovska V, Tal T, Vineis P, van Vorstenbosch R, Vermeulen R, Warembourg C.","Open Res Eur. 2025 Nov 21;4:271. doi: 10.12688/openreseurope.19088.2. eCollection 2024.","Zenclussen AC","Open Res Eur","2025","2025/12/05","PMC12673258","","10.12688/openreseurope.19088.2"
"41008943","Critical Review of Glyphosate-Induced Oxidative and Hormonal Testicular Disruption","Branco SR, Alves MG, Oliveira PF, Zamoner A.","Antioxidants (Basel). 2025 Aug 22;14(9):1036. doi: 10.3390/antiox14091036.","Branco SR","Antioxidants (Basel)","2025","2025/09/27","PMC12466369","","10.3390/antiox14091036"
"38846475","Changes in Rat Mammary Tissue Architecture Following Pregnancy/Lactation Exposure to Glyphosate Alone or with 2,4-D and Dicamba","Cirstea AE, Docea AO, Cercelaru L, Drocas AI, Mesnage R, Marginean C, Marinas C, Diaconu M, Golokhvast KS, Mitrut R, Antoniou MN, Tsatsakis A, Calina D.","Curr Health Sci J. 2024 Jan-Mar;50(1):94-105. doi: 10.12865/CHSJ.50.01.13. Epub 2024 Mar 31.","Cirstea AE","Curr Health Sci J","2024","2024/06/07","PMC11151954","","10.12865/CHSJ.50.01.13"
"32619583","Agrochemicals and obesity","Ren XM, Kuo Y, Blumberg B.","Mol Cell Endocrinol. 2020 Sep 15;515:110926. doi: 10.1016/j.mce.2020.110926. Epub 2020 Jun 30.","Ren XM","Mol Cell Endocrinol","2020","2020/07/04","PMC7484009","NIHMS1614692","10.1016/j.mce.2020.110926"
"38535911","Behavioral Studies of Zebrafish Reveal a New Perspective on the Reproductive Toxicity of Micro- and Nanoplastics","Wu B, Yu H, Yi J, Lei P, He J, Ruan J, Xu P, Tao R, Jin L, Wu W, Yang Q, Sun D, Zhang X.","Toxics. 2024 Feb 26;12(3):178. doi: 10.3390/toxics12030178.","Wu B","Toxics","2024","2024/03/27","PMC10975907","","10.3390/toxics12030178"
"36674599","Application of In Vitro Models for Studying the Mechanisms Underlying the Obesogenic Action of Endocrine-Disrupting Chemicals (EDCs) as Food Contaminants-A Review","Kowalczyk M, Piwowarski JP, Wardaszka A, Średnicka P, Wójcicki M, Juszczuk-Kubiak E.","Int J Mol Sci. 2023 Jan 5;24(2):1083. doi: 10.3390/ijms24021083.","Kowalczyk M","Int J Mol Sci","2023","2023/01/21","PMC9866663","","10.3390/ijms24021083"
"26883814","Concerns over use of glyphosate-based herbicides and risks associated with exposures: a consensus statement","Myers JP, Antoniou MN, Blumberg B, Carroll L, Colborn T, Everett LG, Hansen M, Landrigan PJ, Lanphear BP, Mesnage R, Vandenberg LN, Vom Saal FS, Welshons WV, Benbrook CM.","Environ Health. 2016 Feb 17;15:19. doi: 10.1186/s12940-016-0117-0.","Myers JP","Environ Health","2016","2016/02/18","PMC4756530","","10.1186/s12940-016-0117-0"
"28320775","Is it time to reassess current safety standards for glyphosate-based herbicides?","Vandenberg LN, Blumberg B, Antoniou MN, Benbrook CM, Carroll L, Colborn T, Everett LG, Hansen M, Landrigan PJ, Lanphear BP, Mesnage R, Vom Saal FS, Welshons WV, Myers JP.","J Epidemiol Community Health. 2017 Jun;71(6):613-618. doi: 10.1136/jech-2016-208463. Epub 2017 Mar 20.","Vandenberg LN","J Epidemiol Community Health","2017","2017/03/22","PMC5484035","","10.1136/jech-2016-208463"
"39596429","The Influence of Environmental Exposure to Xenoestrogens on the Risk of Cancer Development","Gachowska M, Dąbrowska A, Wilczyński B, Kuźnicki J, Sauer N, Szlasa W, Kobierzycki C, Łapińska Z, Kulbacka J.","Int J Mol Sci. 2024 Nov 18;25(22):12363. doi: 10.3390/ijms252212363.","Gachowska M","Int J Mol Sci","2024","2024/11/27","PMC11594813","","10.3390/ijms252212363"
"27486573","Chemical Pesticides and Human Health: The Urgent Need for a New Concept in Agriculture","Nicolopoulou-Stamati P, Maipas S, Kotampasi C, Stamatis P, Hens L.","Front Public Health. 2016 Jul 18;4:148. doi: 10.3389/fpubh.2016.00148. eCollection 2016.","Nicolopoulou-Stamati P","Front Public Health","2016","2016/08/04","PMC4947579","","10.3389/fpubh.2016.00148"
"37113785","Widespread use of toxic agrochemicals and pesticides for agricultural products storage in Africa and developing countries: Possible panacea for ecotoxicology and health implications","Anaduaka EG, Uchendu NO, Asomadu RO, Ezugwu AL, Okeke ES, Chidike Ezeorba TP.","Heliyon. 2023 Apr 6;9(4):e15173. doi: 10.1016/j.heliyon.2023.e15173. eCollection 2023 Apr.","Anaduaka EG","Heliyon","2023","2023/04/28","PMC10126862","","10.1016/j.heliyon.2023.e15173"
"26848668","Environmental Chemical Assessment in Clinical Practice: Unveiling the Elephant in the Room","Bijlsma N, Cohen MM.","Int J Environ Res Public Health. 2016 Feb 2;13(2):181. doi: 10.3390/ijerph13020181.","Bijlsma N","Int J Environ Res Public Health","2016","2016/02/06","PMC4772201","","10.3390/ijerph13020181"
"35162359","Polycystic Ovary Syndrome: An Evolutionary Adaptation to Lifestyle and the Environment","Parker J, O'Brien C, Hawrelak J, Gersh FL.","Int J Environ Res Public Health. 2022 Jan 25;19(3):1336. doi: 10.3390/ijerph19031336.","Parker J","Int J Environ Res Public Health","2022","2022/02/15","PMC8835454","","10.3390/ijerph19031336"
"37940098","Educating the public about toxic chemicals that we unknowingly consume: A potential important role for the practicing pharmacists","Al-Horani RA, Ayyad A.","J Am Pharm Assoc (2003). 2024 Mar-Apr;64(2):355-363. doi: 10.1016/j.japh.2023.11.007. Epub 2023 Nov 7.","Al-Horani RA","J Am Pharm Assoc (2003)","2024","2023/11/08","PMC10947896","NIHMS1954464","10.1016/j.japh.2023.11.007"
"33815286","Could Glyphosate and Glyphosate-Based Herbicides Be Associated With Increased Thyroid Diseases Worldwide?","Romano RM, de Oliveira JM, de Oliveira VM, de Oliveira IM, Torres YR, Bargi-Souza P, Martino Andrade AJ, Romano MA.","Front Endocrinol (Lausanne). 2021 Mar 19;12:627167. doi: 10.3389/fendo.2021.627167. eCollection 2021.","Romano RM","Front Endocrinol (Lausanne)","2021","2021/04/05","PMC8018287","","10.3389/fendo.2021.627167"
"39997364","Risk Assessment Arising from the Exposure of Terrestrial Vertebrates to Soil Contamination: Learning from Field Lizards of the Podarcis Genus","Scudiero R, Chianese T, Cretì P, Rosati L.","J Xenobiot. 2025 Feb 1;15(1):21. doi: 10.3390/jox15010021.","Scudiero R","J Xenobiot","2025","2025/02/25","PMC11855989","","10.3390/jox15010021"
"31920955","Pesticides With Potential Thyroid Hormone-Disrupting Effects: A Review of Recent Data","Leemans M, Couderq S, Demeneix B, Fini JB.","Front Endocrinol (Lausanne). 2019 Dec 9;10:743. doi: 10.3389/fendo.2019.00743. eCollection 2019.","Leemans M","Front Endocrinol (Lausanne)","2019","2020/01/11","PMC6915086","","10.3389/fendo.2019.00743"
"34831302","Review: Mechanisms of Glyphosate and Glyphosate-Based Herbicides Action in Female and Male Fertility in Humans and Animal Models","Serra L, Estienne A, Vasseur C, Froment P, Dupont J.","Cells. 2021 Nov 8;10(11):3079. doi: 10.3390/cells10113079.","Serra L","Cells","2021","2021/11/27","PMC8622223","","10.3390/cells10113079"
"39649382","Chemical contaminants and environmental stressors induced teratogenic effect in aquatic ecosystem - A comprehensive review","Madesh S, Gopi S, Sau A, Rajagopal R, Namasivayam SKR, Arockiaraj J.","Toxicol Rep. 2024 Nov 19;13:101819. doi: 10.1016/j.toxrep.2024.101819. eCollection 2024 Dec.","Madesh S","Toxicol Rep","2024","2024/12/09","PMC11625353","","10.1016/j.toxrep.2024.101819"
"35740142","Triclosan: A Small Molecule with Controversial Roles","Sinicropi MS, Iacopetta D, Ceramella J, Catalano A, Mariconda A, Pellegrino M, Saturnino C, Longo P, Aquaro S.","Antibiotics (Basel). 2022 May 30;11(6):735. doi: 10.3390/antibiotics11060735.","Sinicropi MS","Antibiotics (Basel)","2022","2022/06/24","PMC9220381","","10.3390/antibiotics11060735"
"36908414","Adverse health effects of emerging contaminants on inflammatory bowel disease","Chen X, Wang S, Mao X, Xiang X, Ye S, Chen J, Zhu A, Meng Y, Yang X, Peng S, Deng M, Wang X.","Front Public Health. 2023 Feb 24;11:1140786. doi: 10.3389/fpubh.2023.1140786. eCollection 2023.","Chen X","Front Public Health","2023","2023/03/13","PMC9999012","","10.3389/fpubh.2023.1140786"
"39717852","A systematic review of pesticide exposure, associated risks, and long-term human health impacts","Shekhar C, Khosya R, Thakur K, Mahajan D, Kumar R, Kumar S, Sharma AK.","Toxicol Rep. 2024 Nov 30;13:101840. doi: 10.1016/j.toxrep.2024.101840. eCollection 2024 Dec.","Shekhar C","Toxicol Rep","2024","2024/12/24","PMC11664077","","10.1016/j.toxrep.2024.101840"
"38623208","Pesticides impacts on human health and the environment with their mechanisms of action and possible countermeasures","Ahmad MF, Ahmad FA, Alsayegh AA, Zeyaullah M, AlShahrani AM, Muzammil K, Saati AA, Wahab S, Elbendary EY, Kambal N, Abdelrahman MH, Hussain S.","Heliyon. 2024 Apr 4;10(7):e29128. doi: 10.1016/j.heliyon.2024.e29128. eCollection 2024 Apr 15.","Ahmad MF","Heliyon","2024","2024/04/16","PMC11016626","","10.1016/j.heliyon.2024.e29128"
"41012373","Exposure to Kalach, a Glyphosate-Based Herbicide, During Pregnancy and Lactation Induces Hypothyroidism and Bone Disorders in Rat Offspring","Hamdaoui L, El Feki H, Ben Amor M, Oudadesse H, Atwan M, Mohajja Alshammari A, Brahmi F, Ben-Nasr H, Badraoui R, Rebai T.","Toxics. 2025 Sep 4;13(9):752. doi: 10.3390/toxics13090752.","Hamdaoui L","Toxics","2025","2025/09/27","PMC12473632","","10.3390/toxics13090752"
"37112557","Contaminants of Emerging Concern (CECs) and Male Reproductive Health: Challenging the Future with a Double-Edged Sword","Marcu D, Keyser S, Petrik L, Fuhrimann S, Maree L.","Toxics. 2023 Mar 30;11(4):330. doi: 10.3390/toxics11040330.","Marcu D","Toxics","2023","2023/04/28","PMC10141735","","10.3390/toxics11040330"
"40760453","Epitranscriptomic alterations induced by environmental toxins: implications for RNA modifications and disease","Alum EU, Ejemot-Nwadiaro RI, Basajja M, Uti DE, Ugwu OP, Aja PM.","Genes Environ. 2025 Aug 4;47(1):14. doi: 10.1186/s41021-025-00337-9.","Alum EU","Genes Environ","2025","2025/08/05","PMC12323242","","10.1186/s41021-025-00337-9"
"35328887","Impact of Pesticides on Human Health in the Last Six Years in Brazil","Lopes-Ferreira M, Maleski ALA, Balan-Lima L, Bernardo JTG, Hipolito LM, Seni-Silva AC, Batista-Filho J, Falcao MAP, Lima C.","Int J Environ Res Public Health. 2022 Mar 9;19(6):3198. doi: 10.3390/ijerph19063198.","Lopes-Ferreira M","Int J Environ Res Public Health","2022","2022/03/25","PMC8951416","","10.3390/ijerph19063198"
"34824981","Updating the European Union's regulation on classification, labelling and packaging of substances and mixtures (CLP): A key opportunity for consumers, workers and stakeholders with interests in the legislation and toxicology of hazardous chemicals","Vinceti SR, Docea AO, Tsitsimpikou C, Filippini T.","Toxicol Rep. 2021 Nov 17;8:1865-1868. doi: 10.1016/j.toxrep.2021.11.011. eCollection 2021.","Vinceti SR","Toxicol Rep","2021","2021/11/26","PMC8604748","","10.1016/j.toxrep.2021.11.011"
"39328626","A Scientific Review of Pesticides: Classification, Toxicity, Health Effects, Sustainability, and Environmental Impact","Garud A, Pawar S, Patil MS, Kale SR, Patil S.","Cureus. 2024 Aug 27;16(8):e67945. doi: 10.7759/cureus.67945. eCollection 2024 Aug.","Garud A","Cureus","2024","2024/09/27","PMC11426366","","10.7759/cureus.67945"
"40270588","The key characteristics concept","Smith MT.","Curr Opin Toxicol. 2025 Mar;41:100515. doi: 10.1016/j.cotox.2024.100515.","Smith MT","Curr Opin Toxicol","2025","2025/04/24","PMC12017793","NIHMS2063010","10.1016/j.cotox.2024.100515"
"38393206","Toxicity of Metal Oxides, Dyes, and Dissolved Organic Matter in Water: Implications for the Environment and Human Health","Kolya H, Kang CW.","Toxics. 2024 Jan 28;12(2):111. doi: 10.3390/toxics12020111.","Kolya H","Toxics","2024","2024/02/23","PMC10892313","","10.3390/toxics12020111"
"38751624","Glyphosate: Hepatotoxicity, Nephrotoxicity, Hemotoxicity, Carcinogenicity, and Clinical Cases of Endocrine, Reproductive, Cardiovascular, and Pulmonary System Intoxication","Mazuryk J, Klepacka K, Kutner W, Sharma PS.","ACS Pharmacol Transl Sci. 2024 Apr 8;7(5):1205-1236. doi: 10.1021/acsptsci.4c00046. eCollection 2024 May 10.","Mazuryk J","ACS Pharmacol Transl Sci","2024","2024/05/16","PMC11092036","","10.1021/acsptsci.4c00046"
"39199372","Use of Cosmetics in Pregnancy and Neurotoxicity: Can It Increase the Risk of Congenital Enteric Neuropathies?","Jones K, Wessel LM, Schäfer KH, Tapia-Laliena MÁ.","Biomolecules. 2024 Aug 10;14(8):984. doi: 10.3390/biom14080984.","Jones K","Biomolecules","2024","2024/08/29","PMC11352589","","10.3390/biom14080984"
"34150527","Pesticides: formulants, distribution pathways and effects on human health - a review","Kalyabina VP, Esimbekova EN, Kopylova KV, Kratasyuk VA.","Toxicol Rep. 2021 Jun 6;8:1179-1192. doi: 10.1016/j.toxrep.2021.06.004. eCollection 2021.","Kalyabina VP","Toxicol Rep","2021","2021/06/21","PMC8193068","","10.1016/j.toxrep.2021.06.004"
"39456934","Probiotics as Potential Tool to Mitigate Nucleotide Metabolism Alterations Induced by DiNP Dietary Exposure in Danio rerio","Giommi C, Maradonna F, Ladisa C, Habibi HR, Carnevali O.","Int J Mol Sci. 2024 Oct 17;25(20):11151. doi: 10.3390/ijms252011151.","Giommi C","Int J Mol Sci","2024","2024/10/26","PMC11508264","","10.3390/ijms252011151"
"36231509","Chlorpyrifos Occurrence and Toxicological Risk Assessment: A Review","Wołejko E, Łozowicka B, Jabłońska-Trypuć A, Pietruszyńska M, Wydro U.","Int J Environ Res Public Health. 2022 Sep 26;19(19):12209. doi: 10.3390/ijerph191912209.","Wołejko E","Int J Environ Res Public Health","2022","2022/10/14","PMC9566616","","10.3390/ijerph191912209"
"40418353","Toxicological concerns regarding glyphosate, its formulations, and co-formulants as environmental pollutants: a review of published studies from 2010 to 2025","Klátyik S, Simon G, Takács E, Oláh M, Zaller JG, Antoniou MN, Benbrook C, Mesnage R, Székács A.","Arch Toxicol. 2025 Aug;99(8):3169-3203. doi: 10.1007/s00204-025-04076-2. Epub 2025 May 26.","Klátyik S","Arch Toxicol","2025","2025/05/26","PMC12367998","","10.1007/s00204-025-04076-2"
"38250986","Proposing Effective Ecotoxicity Test Species for Chemical Safety Assessment in East Asia: A Review","Lee JW, Shim I, Park K.","Toxics. 2023 Dec 30;12(1):30. doi: 10.3390/toxics12010030.","Lee JW","Toxics","2023","2024/01/22","PMC10819827","","10.3390/toxics12010030"
"25199954","Environmental chemical exposures and autism spectrum disorders: a review of the epidemiological evidence","Kalkbrenner AE, Schmidt RJ, Penlesky AC.","Curr Probl Pediatr Adolesc Health Care. 2014 Nov;44(10):277-318. doi: 10.1016/j.cppeds.2014.06.001. Epub 2014 Sep 5.","Kalkbrenner AE","Curr Probl Pediatr Adolesc Health Care","2014","2014/09/10","PMC4855851","NIHMS780397","10.1016/j.cppeds.2014.06.001"
"37368573","Effect of Pesticide Vinclozolin Toxicity Exposure on Cardiac Oxidative Stress and Myocardial Damage","Peritore AF, Franco GA, Molinari F, Arangia A, Interdonato L, Marino Y, Cuzzocrea S, Gugliandolo E, Britti D, Crupi R.","Toxics. 2023 May 23;11(6):473. doi: 10.3390/toxics11060473.","Peritore AF","Toxics","2023","2023/06/27","PMC10305304","","10.3390/toxics11060473"
"33227979","Control of Adipose Cell Browning and Its Therapeutic Potential","Lizcano F, Arroyave F.","Metabolites. 2020 Nov 19;10(11):471. doi: 10.3390/metabo10110471.","Lizcano F","Metabolites","2020","2020/11/24","PMC7699191","","10.3390/metabo10110471"
"37756105","Could Exposure to Glyphosate Pose a Risk to the Survival of Wild Animals? A Case Study on the Field Lizard Podarcis siculus","Chianese T, Cominale R, Scudiero R, Rosati L.","Vet Sci. 2023 Sep 21;10(9):583. doi: 10.3390/vetsci10090583.","Chianese T","Vet Sci","2023","2023/09/27","PMC10535126","","10.3390/vetsci10090583"
"35377194","Association of Glyphosate Exposure with Blood DNA Methylation in a Cross-Sectional Study of Postmenopausal Women","Lucia RM, Huang WL, Pathak KV, McGilvrey M, David-Dirgo V, Alvarez A, Goodman D, Masunaka I, Odegaard AO, Ziogas A, Pirrotte P, Norden-Krichmar TM, Park HL.","Environ Health Perspect. 2022 Apr;130(4):47001. doi: 10.1289/EHP10174. Epub 2022 Apr 4.","Lucia RM","Environ Health Perspect","2022","2022/04/04","PMC8978648","","10.1289/EHP10174"
"36060785","Current status of pesticide effects on environment, human health and it's eco-friendly management as bioremediation: A comprehensive review","Pathak VM, Verma VK, Rawat BS, Kaur B, Babu N, Sharma A, Dewali S, Yadav M, Kumari R, Singh S, Mohapatra A, Pandey V, Rana N, Cunill JM.","Front Microbiol. 2022 Aug 17;13:962619. doi: 10.3389/fmicb.2022.962619. eCollection 2022.","Pathak VM","Front Microbiol","2022","2022/09/05","PMC9428564","","10.3389/fmicb.2022.962619"
"37876981","Atrazine: cytotoxicity, oxidative stress, apoptosis, testicular effects and chemopreventive Interventions","Abarikwu SO, Ezim OE, Ikeji CN, Farombi EO.","Front Toxicol. 2023 Oct 9;5:1246708. doi: 10.3389/ftox.2023.1246708. eCollection 2023.","Abarikwu SO","Front Toxicol","2023","2023/10/25","PMC10590919","","10.3389/ftox.2023.1246708"
"39364263","Microbial degradation of contaminants of emerging concern: metabolic, genetic and omics insights for enhanced bioremediation","Shah BA, Malhotra H, Papade SE, Dhamale T, Ingale OP, Kasarlawar ST, Phale PS.","Front Bioeng Biotechnol. 2024 Sep 19;12:1470522. doi: 10.3389/fbioe.2024.1470522. eCollection 2024.","Shah BA","Front Bioeng Biotechnol","2024","2024/10/04","PMC11446756","","10.3389/fbioe.2024.1470522"
"36422919","Cytotoxicity Mechanisms of Eight Major Herbicide Active Ingredients in Comparison to Their Commercial Formulations","Ferguson S, Mesnage R, Antoniou MN.","Toxics. 2022 Nov 21;10(11):711. doi: 10.3390/toxics10110711.","Ferguson S","Toxics","2022","2022/11/24","PMC9699558","","10.3390/toxics10110711"
"39359637","Overview of human health effects related to glyphosate exposure","Galli FS, Mollari M, Tassinari V, Alimonti C, Ubaldi A, Cuva C, Marcoccia D.","Front Toxicol. 2024 Sep 18;6:1474792. doi: 10.3389/ftox.2024.1474792. eCollection 2024.","Galli FS","Front Toxicol","2024","2024/10/03","PMC11445186","","10.3389/ftox.2024.1474792"
"36135714","Pesticide Pollution: Detrimental Outcomes and Possible Mechanisms of Fish Exposure to Common Organophosphates and Triazines","Khatib I, Rychter P, Falfushynska H.","J Xenobiot. 2022 Sep 2;12(3):236-265. doi: 10.3390/jox12030018.","Khatib I","J Xenobiot","2022","2022/09/22","PMC9500960","","10.3390/jox12030018"
"41304523","Glyphosate Use in Crop Systems: Risks to Health and Sustainable Alternatives","Aoun PG, Khairallah W, Rejeb A, Haddarah A.","Toxics. 2025 Nov 12;13(11):971. doi: 10.3390/toxics13110971.","Aoun PG","Toxics","2025","2025/11/27","PMC12709226","","10.3390/toxics13110971"
"39165249","Decreased activity in zebrafish larvae exposed to glyphosate-based herbicides during development-potential mediation by glucocorticoid receptor","Spulber S, Reis L, Alexe P, Ceccatelli S.","Front Toxicol. 2024 Aug 6;6:1397477. doi: 10.3389/ftox.2024.1397477. eCollection 2024.","Spulber S","Front Toxicol","2024","2024/08/21","PMC11333450","","10.3389/ftox.2024.1397477"
"34829809","Microbiome First Approaches to Rescue Public Health and Reduce Human Suffering","Dietert RR.","Biomedicines. 2021 Oct 30;9(11):1581. doi: 10.3390/biomedicines9111581.","Dietert RR","Biomedicines","2021","2021/11/27","PMC8615664","","10.3390/biomedicines9111581"
"34305812","Glyphosate Herbicide: Reproductive Outcomes and Multigenerational Effects","Milesi MM, Lorenz V, Durando M, Rossetti MF, Varayoud J.","Front Endocrinol (Lausanne). 2021 Jul 7;12:672532. doi: 10.3389/fendo.2021.672532. eCollection 2021.","Milesi MM","Front Endocrinol (Lausanne)","2021","2021/07/26","PMC8293380","","10.3389/fendo.2021.672532"
"37108525","Glyphosate Interference in Follicular Organization in the Wall Lizard Podarcis siculus","Rosati L, Chianese T, De Gregorio V, Verderame M, Raggio A, Motta CM, Scudiero R.","Int J Mol Sci. 2023 Apr 17;24(8):7363. doi: 10.3390/ijms24087363.","Rosati L","Int J Mol Sci","2023","2023/04/28","PMC10138419","","10.3390/ijms24087363"
"36293259","Pesticides and Their Impairing Effects on Epithelial Barrier Integrity, Dysbiosis, Disruption of the AhR Signaling Pathway and Development of Immune-Mediated Inflammatory Diseases","Lima C, Falcão MAP, Rosa JGS, Disner GR, Lopes-Ferreira M.","Int J Mol Sci. 2022 Oct 17;23(20):12402. doi: 10.3390/ijms232012402.","Lima C","Int J Mol Sci","2022","2022/10/27","PMC9604036","","10.3390/ijms232012402"
"40001182","Herbicide-related health risks: key mechanisms and a guide to mitigation strategies","Hongoeb J, Tantimongcolwat T, Ayimbila F, Ruankham W, Phopin K.","J Occup Med Toxicol. 2025 Feb 25;20(1):6. doi: 10.1186/s12995-025-00448-7.","Hongoeb J","J Occup Med Toxicol","2025","2025/02/26","PMC11863480","","10.1186/s12995-025-00448-7"
"36552644","Impact of Glyphosate on the Development of Insulin Resistance in Experimental Diabetic Rats: Role of NFκB Signalling Pathways","Prasad M, Gatasheh MK, Alshuniaber MA, Krishnamoorthy R, Rajagopal P, Krishnamoorthy K, Periyasamy V, Veeraraghavan VP, Jayaraman S.","Antioxidants (Basel). 2022 Dec 9;11(12):2436. doi: 10.3390/antiox11122436.","Prasad M","Antioxidants (Basel)","2022","2022/12/23","PMC9774325","","10.3390/antiox11122436"
"40490737","Carcinogenic effects of long-term exposure from prenatal life to glyphosate and glyphosate-based herbicides in Sprague-Dawley rats","Panzacchi S, Tibaldi E, De Angelis L, Falcioni L, Giovannini R, Gnudi F, Iuliani M, Manservigi M, Manservisi F, Manzoli I, Menghetti I, Montella R, Noferini R, Sgargi D, Strollo V, Truzzi F, Antoniou MN, Chen J, Dinelli G, Lorenzetti S, Mantovani A, Mesnage R, Perry MJ, Vornoli A, Landrigan PJ, Belpoggi F, Mandrioli D.","Environ Health. 2025 Jun 10;24(1):36. doi: 10.1186/s12940-025-01187-2.","Panzacchi S","Environ Health","2025","2025/06/09","PMC12150505","","10.1186/s12940-025-01187-2"
"36908412","Monitoring residues of pesticides in food in Brazil: A multiscale analysis of the main contaminants, dietary cancer risk estimative and mechanisms associated","Bitencourt de Morais Valentim JM, Fagundes TR, Okamoto Ferreira M, Lonardoni Micheletti P, Broto Oliveira GE, Cremer Souza M, Geovana Leite Vacario B, da Silva JC, Scandolara TB, Gaboardi SC, Zanetti Pessoa Candiotto L, Mara Serpeloni J, Rodrigues Ferreira Seiva F, Panis C.","Front Public Health. 2023 Feb 22;11:1130893. doi: 10.3389/fpubh.2023.1130893. eCollection 2023.","Bitencourt de Morais Valentim JM","Front Public Health","2023","2023/03/13","PMC9992878","","10.3389/fpubh.2023.1130893"
"36234798","Adsorption and Photocatalytic Degradation of Pesticides into Nanocomposites: A Review","Bruckmann FS, Schnorr C, Oviedo LR, Knani S, Silva LFO, Silva WL, Dotto GL, Bohn Rhoden CR.","Molecules. 2022 Sep 23;27(19):6261. doi: 10.3390/molecules27196261.","Bruckmann FS","Molecules","2022","2022/10/14","PMC9572628","","10.3390/molecules27196261"
"34339697","Urinary glyphosate concentration in pregnant women in relation to length of gestation","Lesseur C, Pathak KV, Pirrotte P, Martinez MN, Ferguson KK, Barrett ES, Nguyen RHN, Sathyanarayana S, Mandrioli D, Swan SH, Chen J.","Environ Res. 2022 Jan;203:111811. doi: 10.1016/j.envres.2021.111811. Epub 2021 Jul 30.","Lesseur C","Environ Res","2022","2021/08/02","PMC8616796","NIHMS1730739","10.1016/j.envres.2021.111811"
"31428072","Insight Into Microbial Applications for the Biodegradation of Pyrethroid Insecticides","Bhatt P, Huang Y, Zhan H, Chen S.","Front Microbiol. 2019 Aug 2;10:1778. doi: 10.3389/fmicb.2019.01778. eCollection 2019.","Bhatt P","Front Microbiol","2019","2019/08/21","PMC6687851","","10.3389/fmicb.2019.01778"
"33371482","Oxidative Stress in NAFLD: Role of Nutrients and Food Contaminants","Rives C, Fougerat A, Ellero-Simatos S, Loiseau N, Guillou H, Gamet-Payrastre L, Wahli W.","Biomolecules. 2020 Dec 21;10(12):1702. doi: 10.3390/biom10121702.","Rives C","Biomolecules","2020","2020/12/29","PMC7767499","","10.3390/biom10121702"
"28955675","Pesticide Exposure and Head and Neck Cancers: A Case-Control Study in an Agricultural Region","Amizadeh M, Safari-Kamalabadi M, Askari-Saryazdi G, Amizadeh M, Reihani-Kermani H.","Iran J Otorhinolaryngol. 2017 Sep;29(94):275-285.","Amizadeh M","Iran J Otorhinolaryngol","2017","2017/09/29","PMC5610376","",""
"38756954","Emerging contaminants: A One Health perspective","Wang F, Xiang L, Sze-Yin Leung K, Elsner M, Zhang Y, Guo Y, Pan B, Sun H, An T, Ying G, Brooks BW, Hou D, Helbling DE, Sun J, Qiu H, Vogel TM, Zhang W, Gao Y, Simpson MJ, Luo Y, Chang SX, Su G, Wong BM, Fu TM, Zhu D, Jobst KJ, Ge C, Coulon F, Harindintwali JD, Zeng X, Wang H, Fu Y, Wei Z, Lohmann R, Chen C, Song Y, Sanchez-Cid C, Wang Y, El-Naggar A, Yao Y, Huang Y, Cheuk-Fung Law J, Gu C, Shen H, Gao Y, Qin C, Li H, Zhang T, Corcoll N, Liu M, Alessi DS, Li H, Brandt KK, Pico Y, Gu C, Guo J, Su J, Corvini P, Ye M, Rocha-Santos T, He H, Yang Y, Tong M, Zhang W, Suanon F, Brahushi F, Wang Z, Hashsham SA, Virta M, Yuan Q, Jiang G, Tremblay LA, Bu Q, Wu J, Peijnenburg W, Topp E, Cao X, Jiang X, Zheng M, Zhang T, Luo Y, Zhu L, Li X, Barceló D, Chen J, Xing B, Amelung W, Cai Z, Naidu R, Shen Q, Pawliszyn J, Zhu YG, Schaeffer A, Rillig MC, Wu F, Yu G, Tiedje JM.","Innovation (Camb). 2024 Mar 13;5(4):100612. doi: 10.1016/j.xinn.2024.100612. eCollection 2024 Jul 1.","Wang F","Innovation (Camb)","2024","2024/05/17","PMC11096751","","10.1016/j.xinn.2024.100612"
"37502013","Peer review of the pesticide risk assessment of the active substance glyphosate","European Food Safety Authority (EFSA); Álvarez F, Arena M, Auteri D, Binaglia M, Castoldi AF, Chiusolo A, Crivellente F, Egsmose M, Fait G, Ferilli F, Gouliarmou V, Nogareda LH, Ippolito A, Istace F, Jarrah S, Kardassi D, Kienzler A, Lanzoni A, Lava R, Linguadoca A, Lythgo C, Mangas I, Padovani L, Panzarea M, Parra Morte JM, Rizzuto S, Romac A, Rortais A, Serafimova R, Sharp R, Szentes C, Terron A, Theobald A, Tiramani M, Vianello G, Villamar-Bouza L.","EFSA J. 2023 Jul 26;21(7):e08164. doi: 10.2903/j.efsa.2023.8164. eCollection 2023 Jul.","European Food Safety Authority (EFSA)","EFSA J","2023","2023/07/28","PMC10369247","","10.2903/j.efsa.2023.8164"
"37853698","Bioaccumulation of pesticides in fish resulting toxicities in humans through food chain and forensic aspects","Ray S, Shaju ST.","Environ Anal Health Toxicol. 2023 Sep;38(3):e2023017-0. doi: 10.5620/eaht.2023017. Epub 2023 Aug 28.","Ray S","Environ Anal Health Toxicol","2023","2023/10/19","PMC10613562","","10.5620/eaht.2023017"
"33354517","Human Health and Ocean Pollution","Landrigan PJ, Stegeman JJ, Fleming LE, Allemand D, Anderson DM, Backer LC, Brucker-Davis F, Chevalier N, Corra L, Czerucka D, Bottein MD, Demeneix B, Depledge M, Deheyn DD, Dorman CJ, Fénichel P, Fisher S, Gaill F, Galgani F, Gaze WH, Giuliano L, Grandjean P, Hahn ME, Hamdoun A, Hess P, Judson B, Laborde A, McGlade J, Mu J, Mustapha A, Neira M, Noble RT, Pedrotti ML, Reddy C, Rocklöv J, Scharler UM, Shanmugam H, Taghian G, van de Water JAJM, Vezzulli L, Weihe P, Zeka A, Raps H, Rampal P.","Ann Glob Health. 2020 Dec 3;86(1):151. doi: 10.5334/aogh.2831.","Landrigan PJ","Ann Glob Health","2020","2020/12/23","PMC7731724","","10.5334/aogh.2831"
"34564220","Insect Epigenetic Mechanisms Facing Anthropogenic-Derived Contamination, an Overview","Olivares-Castro G, Cáceres-Jensen L, Guerrero-Bosagna C, Villagra C.","Insects. 2021 Aug 31;12(9):780. doi: 10.3390/insects12090780.","Olivares-Castro G","Insects","2021","2021/09/26","PMC8468710","","10.3390/insects12090780"
"41328358","Toxicological impacts and mitigation strategies of food contaminants: a global perspective and comprehensive narrative review","Bereda G.","Curr Res Toxicol. 2025 Nov 1;9:100268. doi: 10.1016/j.crtox.2025.100268. eCollection 2025.","Bereda G","Curr Res Toxicol","2025","2025/12/02","PMC12664818","","10.1016/j.crtox.2025.100268"
"38694227","Role of nutraceutical against exposure to pesticide residues: power of bioactive compounds","Sajad M, Shabir S, Singh SK, Bhardwaj R, Alsanie WF, Alamri AS, Alhomrani M, Alsharif A, Vamanu E, Singh MP.","Front Nutr. 2024 Apr 17;11:1342881. doi: 10.3389/fnut.2024.1342881. eCollection 2024.","Sajad M","Front Nutr","2024","2024/05/02","PMC11061536","","10.3389/fnut.2024.1342881"
"34941753","Chronic Dietary Exposure of Roosters to a Glyphosate-Based Herbicide Increases Seminal Plasma Glyphosate and AMPA Concentrations, Alters Sperm Parameters, and Induces Metabolic Disorders in the Progeny","Serra L, Estienne A, Bourdon G, Ramé C, Chevaleyre C, Didier P, Chahnamian M, El Balkhi S, Froment P, Dupont J.","Toxics. 2021 Nov 24;9(12):318. doi: 10.3390/toxics9120318.","Serra L","Toxics","2021","2021/12/23","PMC8704617","","10.3390/toxics9120318"
"37047296","Glyphosate and Aminomethylphosphonic Acid (AMPA) Modulate Glutathione S-Transferase in Non-Tumorigenic Prostate Cells","Borges DS, Vecchi L, Barros DCT, Arruda VM, Ferreira HSV, da Silva MF, Guerra JFDC, Siqueira RP, Araújo TG.","Int J Mol Sci. 2023 Mar 28;24(7):6323. doi: 10.3390/ijms24076323.","Borges DS","Int J Mol Sci","2023","2023/04/13","PMC10094733","","10.3390/ijms24076323"
"40423115","Carbon Nanodots-Based Sensors: A Promising Tool for Detecting and Monitoring Toxic Compounds","Nguyen DHH, Muthu A, Elsakhawy T, Sheta MH, Abdalla N, El-Ramady H, Prokisch J.","Nanomaterials (Basel). 2025 May 11;15(10):725. doi: 10.3390/nano15100725.","Nguyen DHH","Nanomaterials (Basel)","2025","2025/05/27","PMC12114603","","10.3390/nano15100725"
"39085279","Resveratrol ameliorates atrazine-induced caspase-dependent apoptosis and fibrosis in the testis of adult albino rats","Hassanin HM, Kamal AA, Ismail OI.","Sci Rep. 2024 Jul 31;14(1):17743. doi: 10.1038/s41598-024-67636-z.","Hassanin HM","Sci Rep","2024","2024/07/31","PMC11291673","","10.1038/s41598-024-67636-z"
"40889412","Metabolome informs about the chemical exposome and links to brain health","Orešič M, Karu N, Zhao HN, Moseley A, Hankemeier T, Wishart DS, Dorrestein PC, Fiehn O, Hyötyläinen T, Daouk RK; Alzheimer Gut Microbiome Project.","Environ Int. 2025 Sep;203:109741. doi: 10.1016/j.envint.2025.109741. Epub 2025 Aug 22.","Orešič M","Environ Int","2025","2025/09/01","PMC12633721","NIHMS2112773","10.1016/j.envint.2025.109741"
"41440755","A Systematic Review on the Toxicology of European Union-Approved Triazole Fungicides in Cell Lines and Mammalian Models","Vulpe CB, Iachimov-Datcu AD, Pujicic A, Agachi BV.","J Xenobiot. 2025 Dec 5;15(6):208. doi: 10.3390/jox15060208.","Vulpe CB","J Xenobiot","2025","2025/12/24","PMC12733837","","10.3390/jox15060208"
"32392306","The Impact of Environmental Chemicals on the Gut Microbiome","Chiu K, Warner G, Nowak RA, Flaws JA, Mei W.","Toxicol Sci. 2020 Aug 1;176(2):253-284. doi: 10.1093/toxsci/kfaa065.","Chiu K","Toxicol Sci","2020","2020/05/12","PMC7416318","","10.1093/toxsci/kfaa065"
"39895912","Laying the groundwork: Exploring pesticide exposure and genetic factors in south-eastern Brazilian farmers","Meira DD, Da Gama Kohls VN, Casotti MC, Louro LS, Santana GM, Santos Louro TE, Alvares da Silva AM, Castro Altoé LS, Trabach RR, Groisman S, de Carvalho EF, Perini Machado JA, Seneff S, Louro ID.","Curr Res Toxicol. 2025 Jan 10;8:100215. doi: 10.1016/j.crtox.2025.100215. eCollection 2025.","Meira DD","Curr Res Toxicol","2025","2025/02/03","PMC11783379","","10.1016/j.crtox.2025.100215"
"35480070","A Critical Review and Meta-Analysis of Impacts of Per- and Polyfluorinated Substances on the Brain and Behavior","Starnes HM, Rock KD, Jackson TW, Belcher SM.","Front Toxicol. 2022 Apr 11;4:881584. doi: 10.3389/ftox.2022.881584. eCollection 2022.","Starnes HM","Front Toxicol","2022","2022/04/28","PMC9035516","","10.3389/ftox.2022.881584"
"41150593","Mixture Effects of Commonly Applied Herbicides on County Level Obesity Rates in the United States: An Exploratory Ecologic Study (2013-2018)","Otaru S, Jones LE, Carpenter DO.","Toxics. 2025 Oct 19;13(10):894. doi: 10.3390/toxics13100894.","Otaru S","Toxics","2025","2025/10/28","PMC12567646","","10.3390/toxics13100894"
"35221840","The effects of low-toxic herbicide Roundup and glyphosate on mitochondria","Strilbyska OM, Tsiumpala SA, Kozachyshyn II, Strutynska T, Burdyliuk N, Lushchak VI, Lushchak O.","EXCLI J. 2022 Jan 10;21:183-196. doi: 10.17179/excli2021-4478. eCollection 2022.","Strilbyska OM","EXCLI J","2022","2022/02/28","PMC8859649","","10.17179/excli2021-4478"
"39770054","Environmental Implication of Herbicide Use","Baćmaga M, Wyszkowska J, Kucharski J.","Molecules. 2024 Dec 18;29(24):5965. doi: 10.3390/molecules29245965.","Baćmaga M","Molecules","2024","2025/01/08","PMC11677524","","10.3390/molecules29245965"
"32625798","Scientific Opinion on the state of the science on pesticide risk assessment for amphibians and reptiles","EFSA Panel on Plant Protection Products and their Residues (PPR); Ockleford C, Adriaanse P, Berny P, Brock T, Duquesne S, Grilli S, Hernandez-Jerez AF, Bennekou SH, Klein M, Kuhl T, Laskowski R, Machera K, Pelkonen O, Pieper S, Stemmer M, Sundh I, Teodorovic I, Tiktak A, Topping CJ, Wolterink G, Aldrich A, Berg C, Ortiz-Santaliestra M, Weir S, Streissl F, Smith RH.","EFSA J. 2018 Feb 23;16(2):e05125. doi: 10.2903/j.efsa.2018.5125. eCollection 2018 Feb.","EFSA Panel on Plant Protection Products and their Residues (PPR)","EFSA J","2018","2020/07/07","PMC7009658","","10.2903/j.efsa.2018.5125"
"34830483","Pleiotropic Outcomes of Glyphosate Exposure: From Organ Damage to Effects on Inflammation, Cancer, Reproduction and Development","Marino M, Mele E, Viggiano A, Nori SL, Meccariello R, Santoro A.","Int J Mol Sci. 2021 Nov 22;22(22):12606. doi: 10.3390/ijms222212606.","Marino M","Int J Mol Sci","2021","2021/11/27","PMC8618927","","10.3390/ijms222212606"
"41362652","CHIASMA: Advancing chemicals and materials safety and sustainability assessments through innovative integration of in vitro and in silico (new approach) methodologies","Weber P, Arnesdotter E, Attar N, Friedrichs S, Seitz C, Chowdhury RR, Koch K, Buerki-Thurnherr T, Brugger B, Wick P, Morikka J, Serra A, Capini L, Greco D, Lacconi V, Marchese AS, Campagnolo L, Exner TE, Brajnik M, Brun É, Lynch I, Zouraris D, Mintis D, Tsoumanis A, Afantitis A, Melagraki G, Minadakis V, Papakyriakopoulou P, Tsiros P, Thépaut E, Sarimveis H, Majó M, Hischier R, Virmani I, Paparella M, Kavaliauskiene S, Sayyari A, Fontaine R, Müller MHB, Lee E, Gerelkhuu Z, Yoon TH, Turan-Sorhun D, Neuhaus W, Serchi T.","Comput Struct Biotechnol J. 2025 Nov 16;29:305-327. doi: 10.1016/j.csbj.2025.11.032. eCollection 2025.","Weber P","Comput Struct Biotechnol J","2025","2025/12/09","PMC12682023","","10.1016/j.csbj.2025.11.032"
"28721242","The gut microbiota: a major player in the toxicity of environmental pollutants?","Claus SP, Guillou H, Ellero-Simatos S.","NPJ Biofilms Microbiomes. 2016 May 4;2:16003. doi: 10.1038/npjbiofilms.2016.3. eCollection 2016.","Claus SP","NPJ Biofilms Microbiomes","2016","2017/07/20","PMC5515271","","10.1038/npjbiofilms.2016.3"
"34201914","An Overview on the Potential Hazards of Pyrethroid Insecticides in Fish, with Special Emphasis on Cypermethrin Toxicity","Farag MR, Alagawany M, Bilal RM, Gewida AGA, Dhama K, Abdel-Latif HMR, Amer MS, Rivero-Perez N, Zaragoza-Bastida A, Binnaser YS, Batiha GE, Naiel MAE.","Animals (Basel). 2021 Jun 25;11(7):1880. doi: 10.3390/ani11071880.","Farag MR","Animals (Basel)","2021","2021/07/02","PMC8300353","","10.3390/ani11071880"
"37375903","Atrazine Toxicity: The Possible Role of Natural Products for Effective Treatment","Das S, Sakr H, Al-Huseini I, Jetti R, Al-Qasmi S, Sugavasi R, Sirasanagandla SR.","Plants (Basel). 2023 Jun 12;12(12):2278. doi: 10.3390/plants12122278.","Das S","Plants (Basel)","2023","2023/06/28","PMC10301673","","10.3390/plants12122278"
"41283425","Global Evidence on Monitoring Human Pesticide Exposure","Fagundes TR, Coradi C, Vacario BGL, de Morais Valentim JMB, Panis C.","J Xenobiot. 2025 Nov 7;15(6):187. doi: 10.3390/jox15060187.","Fagundes TR","J Xenobiot","2025","2025/11/24","PMC12641724","","10.3390/jox15060187"
"25883837","Glyphosate, pathways to modern diseases III: Manganese, neurological diseases, and associated pathologies","Samsel A, Seneff S.","Surg Neurol Int. 2015 Mar 24;6:45. doi: 10.4103/2152-7806.153876. eCollection 2015.","Samsel A","Surg Neurol Int","2015","2015/04/18","PMC4392553","","10.4103/2152-7806.153876"
"37064447","Effects of glyphosate-based herbicide on gametes fertilization and four developmental stages in Clarias gariepinus","Kale OE, Adebesin AN, Kale TF, Oladoja F, Osonuga IO, Soyinka OO, Uwaezuoke D, Olajide O, Akinloye V, Adedugbe O, Odibosa F, Akindele F, Oladele B, Wahab M, Ebele CC.","Heliyon. 2023 Mar 30;9(4):e15048. doi: 10.1016/j.heliyon.2023.e15048. eCollection 2023 Apr.","Kale OE","Heliyon","2023","2023/04/17","PMC10102446","","10.1016/j.heliyon.2023.e15048"
"35454102","Epigenetic Regulation in Exposome-Induced Tumorigenesis: Emerging Roles of ncRNAs","Olmedo-Suárez MÁ, Ramírez-Díaz I, Pérez-González A, Molina-Herrera A, Coral-García MÁ, Lobato S, Sarvari P, Barreto G, Rubio K.","Biomolecules. 2022 Mar 28;12(4):513. doi: 10.3390/biom12040513.","Olmedo-Suárez MÁ","Biomolecules","2022","2022/04/23","PMC9032613","","10.3390/biom12040513"
"39473468","Advancing Environmental Toxicology In Vitro: From Immortalized Cancer Cell Lines to 3D Models Derived from Stem Cells","Li H, Yin N, Yang R, Faiola F.","Environ Health (Wash). 2024 Feb 28;2(6):332-349. doi: 10.1021/envhealth.3c00199. eCollection 2024 Jun 21.","Li H","Environ Health (Wash)","2024","2024/10/30","PMC11503916","","10.1021/envhealth.3c00199"
"40361710","Chemical Food Safety in Europe Under the Spotlight: Principles, Regulatory Framework and Roadmap for Future Directions","D'Amore T, Smaoui S, Varzakas T.","Foods. 2025 May 5;14(9):1628. doi: 10.3390/foods14091628.","D'Amore T","Foods","2025","2025/05/14","PMC12071582","","10.3390/foods14091628"
"41323951","Association of glyphosate exposure with kidney function impairment in the adolescents and young adults' population in the U.S. National Health and Nutrition Examination Survey, 2013 to 2016","Zhu Y, Hu Y, Zhou Q, Ruan L, Zhou S, Xia B, Wang F.","Paediatr Child Health. 2025 Aug 30;30(7):560-567. doi: 10.1093/pch/pxae111. eCollection 2025 Nov.","Zhu Y","Paediatr Child Health","2025","2025/12/01","PMC12663777","","10.1093/pch/pxae111"
"33644024","Recent Advanced Technologies for the Characterization of Xenobiotic-Degrading Microorganisms and Microbial Communities","Mishra S, Lin Z, Pang S, Zhang W, Bhatt P, Chen S.","Front Bioeng Biotechnol. 2021 Feb 10;9:632059. doi: 10.3389/fbioe.2021.632059. eCollection 2021.","Mishra S","Front Bioeng Biotechnol","2021","2021/03/01","PMC7902726","","10.3389/fbioe.2021.632059"
"38751503","Statement on the toxicological properties and maximum residue levels of acetamiprid and its metabolites","EFSA (European Food Safety Authority); Hernandez-Jerez A, Coja T, Paparella M, Price A, Henri J, Focks A, Louisse J, Terron A, Binaglia M, Guajardo IM, Mangas I, Guajardo IM, Ferreira L, Kardassi D, De Lentdecker C, Molnar T, Vianello G.","EFSA J. 2024 May 15;22(5):e8759. doi: 10.2903/j.efsa.2024.8759. eCollection 2024 May.","EFSA (European Food Safety Authority)","EFSA J","2024","2024/05/16","PMC11094581","","10.2903/j.efsa.2024.8759"
"40906511","Protective Roles of Prebiotics and Probiotics Against Environmental Pollutant-Induced Toxicities: A Systematic Review of Animal Studies","Zarezadeh M PhD, Saedisomeolia A, Mahmoudinezhad M, M Iskandar M, Lu F, Kubow S.","Mol Nutr Food Res. 2026 Jan;70(1):e70175. doi: 10.1002/mnfr.70175. Epub 2025 Sep 4.","Zarezadeh M PhD","Mol Nutr Food Res","2026","2025/09/04","PMC12728390","","10.1002/mnfr.70175"
"36875280","Effect of Pesticides on Peroxisome Proliferator-Activated Receptors (PPARs) and Their Association with Obesity and Diabetes","Hernández-Valdez J, Velázquez-Zepeda A, Sánchez-Meza JC.","PPAR Res. 2023 Feb 24;2023:1743289. doi: 10.1155/2023/1743289. eCollection 2023.","Hernández-Valdez J","PPAR Res","2023","2023/03/06","PMC9984265","","10.1155/2023/1743289"
"34063879","Toxicology and Microbiota: How Do Pesticides Influence Gut Microbiota? A Review","Giambò F, Teodoro M, Costa C, Fenga C.","Int J Environ Res Public Health. 2021 May 21;18(11):5510. doi: 10.3390/ijerph18115510.","Giambò F","Int J Environ Res Public Health","2021","2021/06/02","PMC8196593","","10.3390/ijerph18115510"
"25189402","A comparison of temporal trends in United States autism prevalence to trends in suspected environmental factors","Nevison CD.","Environ Health. 2014 Sep 5;13:73. doi: 10.1186/1476-069X-13-73.","Nevison CD","Environ Health","2014","2014/09/06","PMC4177682","","10.1186/1476-069X-13-73"
"36087771","Pesticide exposure and child growth in low- and middle-income countries: A systematic review","Bliznashka L, Roy A, Jaacks LM.","Environ Res. 2022 Dec;215(Pt 1):114230. doi: 10.1016/j.envres.2022.114230. Epub 2022 Sep 7.","Bliznashka L","Environ Res","2022","2022/09/10","PMC7614514","EMS175075","10.1016/j.envres.2022.114230"
"35076536","Glyphosate vs. Glyphosate-Based Herbicides Exposure: A Review on Their Toxicity","Martins-Gomes C, Silva TL, Andreani T, Silva AM.","J Xenobiot. 2022 Jan 17;12(1):21-40. doi: 10.3390/jox12010003.","Martins-Gomes C","J Xenobiot","2022","2022/01/25","PMC8788447","","10.3390/jox12010003"
"32706372","The Influence of Feed and Drinking Water on Terrestrial Animal Research and Study Replicability","Kurtz DM, Feeney WP.","ILAR J. 2020 Oct 19;60(2):175-196. doi: 10.1093/ilar/ilaa012.","Kurtz DM","ILAR J","2020","2020/07/25","PMC7583730","","10.1093/ilar/ilaa012"
"39191283","The impact of chemical pollution across major life transitions: a meta-analysis on oxidative stress in amphibians","Martin C, Capilla-Lasheras P, Monaghan P, Burraco P.","Proc Biol Sci. 2024 Aug;291(2029):20241536. doi: 10.1098/rspb.2024.1536. Epub 2024 Aug 28.","Martin C","Proc Biol Sci","2024","2024/08/27","PMC11349447","","10.1098/rspb.2024.1536"
"25636363","Global transcriptomic profiling demonstrates induction of oxidative stress and of compensatory cellular stress responses in brown trout exposed to glyphosate and Roundup","Uren Webster TM, Santos EM.","BMC Genomics. 2015 Jan 31;16(1):32. doi: 10.1186/s12864-015-1254-5.","Uren Webster TM","BMC Genomics","2015","2015/02/01","PMC4318436","","10.1186/s12864-015-1254-5"
"25716480","Evaluation of carcinogenic potential of the herbicide glyphosate, drawing on tumor incidence data from fourteen chronic/carcinogenicity rodent studies","Greim H, Saltmiras D, Mostert V, Strupp C.","Crit Rev Toxicol. 2015 Mar;45(3):185-208. doi: 10.3109/10408444.2014.1003423. Epub 2015 Feb 26.","Greim H","Crit Rev Toxicol","2015","2015/02/27","PMC4819582","","10.3109/10408444.2014.1003423"
"26322242","Glyphosate, neurological diseases - and the scientific method","Faria MA.","Surg Neurol Int. 2015 Aug 10;6:132. doi: 10.4103/2152-7806.162550. eCollection 2015.","Faria MA","Surg Neurol Int","2015","2015/09/01","PMC4538578","","10.4103/2152-7806.162550"
"38269035","Update of the risk assessment of polybrominated diphenyl ethers (PBDEs) in food","EFSA Panel on Contaminants in the Food Chain (CONTAM); Schrenk D, Bignami M, Bodin L, Chipman JK, Del Mazo J, Grasl-Kraupp B, Hogstrand C, Ron Hoogenboom L, Leblanc JC, Nebbia CS, Nielsen E, Ntzani E, Petersen A, Sand S, Schwerdtle T, Wallace H, Benford D, Fürst P, Hart A, Rose M, Schroeder H, Vrijheid M, Ioannidou S, Nikolič M, Bordajandi LR, Vleminckx C.","EFSA J. 2024 Jan 24;22(1):e8497. doi: 10.2903/j.efsa.2024.8497. eCollection 2024 Jan.","EFSA Panel on Contaminants in the Food Chain (CONTAM)","EFSA J","2024","2024/01/25","PMC10807361","","10.2903/j.efsa.2024.8497"
"41150533","Combined Repeated-Dose Toxicity Study with the Reproduction/Developmental Toxicity Screening Test of Calcium Nitrate Tetrahydrate in Sprague Dawley Rats","Eom JW, Kang HI, Lee JH, Song SH, Hong JH, Bae S, Nam CJ, Lim KM.","Toxics. 2025 Sep 30;13(10):835. doi: 10.3390/toxics13100835.","Eom JW","Toxics","2025","2025/10/28","PMC12567573","","10.3390/toxics13100835"
"36908531","Atmospheric microplastics: exposure, toxicity, and detrimental health effects","Abad López AP, Trilleras J, Arana VA, Garcia-Alzate LS, Grande-Tovar CD.","RSC Adv. 2023 Mar 8;13(11):7468-7489. doi: 10.1039/d2ra07098g. eCollection 2023 Mar 1.","Abad López AP","RSC Adv","2023","2023/03/13","PMC9993231","","10.1039/d2ra07098g"
"32267911","A critical review on the potential impacts of neonicotinoid insecticide use: current knowledge of environmental fate, toxicity, and implications for human health","Thompson DA, Lehmler HJ, Kolpin DW, Hladik ML, Vargo JD, Schilling KE, LeFevre GH, Peeples TL, Poch MC, LaDuca LE, Cwiertny DM, Field RW.","Environ Sci Process Impacts. 2020 Jun 24;22(6):1315-1346. doi: 10.1039/c9em00586b.","Thompson DA","Environ Sci Process Impacts","2020","2020/04/09","PMC11755762","NIHMS2042514","10.1039/c9em00586b"
"","Occurrence of Pharmaceutical and Pesticide Transformation Products in Freshwater: Update on Environmental Levels, Toxicological Information and Future Challenges","Rodrigues P, Oliva-Teles L, Guimarães L, Carvalho AP.","Rev Environ Contam Toxicol. 2022;260(1):14. doi: 10.1007/s44169-022-00014-w. Epub 2022 Dec 7.","Rodrigues P","Rev Environ Contam Toxicol","2022","","PMC9734374","","10.1007/s44169-022-00014-w"
"37063330","The Metabolic Matrix: Re-engineering ultraprocessed foods to feed the gut, protect the liver, and support the brain","Harlan TS, Gow RV, Kornstädt A, Alderson PW, Lustig RH.","Front Nutr. 2023 Mar 30;10:1098453. doi: 10.3389/fnut.2023.1098453. eCollection 2023.","Harlan TS","Front Nutr","2023","2023/04/17","PMC10097968","","10.3389/fnut.2023.1098453"
"39063770","New Insights into Materials for Pesticide and Other Agricultural Pollutant Remediation","da Silva Júnior AH, Müller JOM, Oliveira CRS, de Noni Junior A, Tewo RK, Mhike W, da Silva A, Mapossa AB, Sundararaj U.","Materials (Basel). 2024 Jul 13;17(14):3478. doi: 10.3390/ma17143478.","da Silva Júnior AH","Materials (Basel)","2024","2024/07/27","PMC11277666","","10.3390/ma17143478"
"38535314","Pesticides: Unintended Impact on the Hidden World of Gut Microbiota","Ali A, AlHussaini KI.","Metabolites. 2024 Mar 7;14(3):155. doi: 10.3390/metabo14030155.","Ali A","Metabolites","2024","2024/03/27","PMC10971818","","10.3390/metabo14030155"
"38541205","Exposure to Environmental Pesticides and the Risk of Autism Spectrum Disorders: A Population-Based Case-Control Study","Román P, Ruiz-González C, Rueda-Ruzafa L, Cardona D, Requena M, Alarcón R.","Medicina (Kaunas). 2024 Mar 14;60(3):479. doi: 10.3390/medicina60030479.","Román P","Medicina (Kaunas)","2024","2024/03/28","PMC10972278","","10.3390/medicina60030479"
"32437891","COVID-19, an opportunity to reevaluate the correlation between long-term effects of anthropogenic pollutants on viral epidemic/pandemic events and prevalence","Tsatsakis A, Petrakis D, Nikolouzakis TK, Docea AO, Calina D, Vinceti M, Goumenou M, Kostoff RN, Mamoulakis C, Aschner M, Hernández AF.","Food Chem Toxicol. 2020 Jul;141:111418. doi: 10.1016/j.fct.2020.111418. Epub 2020 May 11.","Tsatsakis A","Food Chem Toxicol","2020","2020/05/22","PMC7211730","","10.1016/j.fct.2020.111418"
"38099711","Impact of glyphosate (Roundup(TM)) on the composition and functionality of the gut microbiome","Walsh L, Hill C, Ross RP.","Gut Microbes. 2023 Dec;15(2):2263935. doi: 10.1080/19490976.2023.2263935. Epub 2023 Oct 6.","Walsh L","Gut Microbes","2023","2023/12/15","PMC10561581","EMS189991","10.1080/19490976.2023.2263935"
"36226530","Glyphosate, AMPA and glyphosate-based herbicide exposure leads to GFAP, PCNA and caspase-3 increased immunoreactive area on male offspring rat hypothalamus","Duque-Díaz E, Hurtado Giraldo H, Rocha-Muñoz LP, Coveñas R.","Eur J Histochem. 2022 Oct 13;66(4):3428. doi: 10.4081/ejh.2022.3428.","Duque-Díaz E","Eur J Histochem","2022","2022/10/13","PMC9614696","","10.4081/ejh.2022.3428"
"37927277","Pesticides and the Microbiome-Gut-Brain Axis: Convergent Pathways in the Pathogenesis of Parkinson's Disease","Kulcsarova K, Bang C, Berg D, Schaeffer E.","J Parkinsons Dis. 2023;13(7):1079-1106. doi: 10.3233/JPD-230206.","Kulcsarova K","J Parkinsons Dis","2023","2023/11/06","PMC10657696","","10.3233/JPD-230206"
"33313028","Use of Soy-Based Formulas and Cow's Milk Allergy: Lights and Shadows","Verduci E, Di Profio E, Cerrato L, Nuzzi G, Riva L, Vizzari G, D'Auria E, Giannì ML, Zuccotti G, Peroni DG.","Front Pediatr. 2020 Nov 17;8:591988. doi: 10.3389/fped.2020.591988. eCollection 2020.","Verduci E","Front Pediatr","2020","2020/12/14","PMC7707102","","10.3389/fped.2020.591988"
"36080171","Chemical Contamination in Bread from Food Processing and Its Environmental Origin","Maher A, Nowak A.","Molecules. 2022 Aug 24;27(17):5406. doi: 10.3390/molecules27175406.","Maher A","Molecules","2022","2022/09/09","PMC9457569","","10.3390/molecules27175406"
"36771324","Microplastics: A Real Global Threat for Environment and Food Safety: A State of the Art Review","Ziani K, Ioniță-Mîndrican CB, Mititelu M, Neacșu SM, Negrei C, Moroșan E, Drăgănescu D, Preda OT.","Nutrients. 2023 Jan 25;15(3):617. doi: 10.3390/nu15030617.","Ziani K","Nutrients","2023","2023/02/11","PMC9920460","","10.3390/nu15030617"
"29843725","The Ramazzini Institute 13-week pilot study on glyphosate and Roundup administered at human-equivalent dose to Sprague Dawley rats: effects on the microbiome","Mao Q, Manservisi F, Panzacchi S, Mandrioli D, Menghetti I, Vornoli A, Bua L, Falcioni L, Lesseur C, Chen J, Belpoggi F, Hu J.","Environ Health. 2018 May 29;17(1):50. doi: 10.1186/s12940-018-0394-x.","Mao Q","Environ Health","2018","2018/05/31","PMC5972442","","10.1186/s12940-018-0394-x"
"41427149","Aloe Vera alleviates glyphosate-based herbicide hepatotoxicity in rats via anti-inflammatory and antioxidant actions","Hamad N, Sharkawy AA, Ibrahim N, Osman AAR, Aljohani ASM, Kamaly HF.","Front Vet Sci. 2025 Dec 5;12:1720985. doi: 10.3389/fvets.2025.1720985. eCollection 2025.","Hamad N","Front Vet Sci","2025","2025/12/22","PMC12715423","","10.3389/fvets.2025.1720985"
"35722341","The Function and the Affecting Factors of the Zebrafish Gut Microbiota","Li P, Zhang J, Liu X, Gan L, Xie Y, Zhang H, Si J.","Front Microbiol. 2022 Jun 2;13:903471. doi: 10.3389/fmicb.2022.903471. eCollection 2022.","Li P","Front Microbiol","2022","2022/06/20","PMC9201518","","10.3389/fmicb.2022.903471"
"37122957","Degradation strategies of pesticide residue: From chemicals to synthetic biology","Ruomeng B, Meihao O, Siru Z, Shichen G, Yixian Z, Junhong C, Ruijie M, Yuan L, Gezhi X, Xingyu C, Shiyi Z, Aihui Z, Baishan F.","Synth Syst Biotechnol. 2023 Mar 23;8(2):302-313. doi: 10.1016/j.synbio.2023.03.005. eCollection 2023 Jun.","Ruomeng B","Synth Syst Biotechnol","2023","2023/05/01","PMC10130697","","10.1016/j.synbio.2023.03.005"
"36869954","Fish liver damage related to the wastewater treatment plant effluents","Topić Popović N, Čižmek L, Babić S, Strunjak-Perović I, Čož-Rakovac R.","Environ Sci Pollut Res Int. 2023 Apr;30(17):48739-48768. doi: 10.1007/s11356-023-26187-y. Epub 2023 Mar 4.","Topić Popović N","Environ Sci Pollut Res Int","2023","2023/03/04","PMC9985104","","10.1007/s11356-023-26187-y"
"37374323","360-Degree Perspectives on Obesity","Cuciureanu M, Caratașu CC, Gabrielian L, Frăsinariu OE, Checheriță LE, Trandafir LM, Stanciu GD, Szilagyi A, Pogonea I, Bordeianu G, Soroceanu RP, Andrițoiu CV, Anghel MM, Munteanu D, Cernescu IT, Tamba BI.","Medicina (Kaunas). 2023 Jun 9;59(6):1119. doi: 10.3390/medicina59061119.","Cuciureanu M","Medicina (Kaunas)","2023","2023/06/28","PMC10304508","","10.3390/medicina59061119"
"37809478","Insights into environmental caffeine contamination in ecotoxicological biomarkers and potential health effects of Danio rerio","Diogo BS, Antunes SC, Pinto I, Amorim J, Teixeira C, Teles LO, Golovko O, Žlábek V, Carvalho AP, Rodrigues S.","Heliyon. 2023 Sep 6;9(9):e19875. doi: 10.1016/j.heliyon.2023.e19875. eCollection 2023 Sep.","Diogo BS","Heliyon","2023","2023/10/09","PMC10559286","","10.1016/j.heliyon.2023.e19875"
"35096268","A Common Feature of Pesticides: Oxidative Stress-The Role of Oxidative Stress in Pesticide-Induced Toxicity","Sule RO, Condon L, Gomes AV.","Oxid Med Cell Longev. 2022 Jan 19;2022:5563759. doi: 10.1155/2022/5563759. eCollection 2022.","Sule RO","Oxid Med Cell Longev","2022","2022/01/31","PMC8791758","","10.1155/2022/5563759"
"40590902","Systemic Effects of Pesticides on Insectivorous Bats: A Proteomics Approach","Sandoval-Herrera N, Lara-Jacobo L, Faure PA, Simmons D, Welch K Jr.","Integr Comp Biol. 2025 Dec 5;65(6):1810-1825. doi: 10.1093/icb/icaf121.","Sandoval-Herrera N","Integr Comp Biol","2025","2025/07/01","PMC12690467","","10.1093/icb/icaf121"
"38059476","Recent Advances in the Detection of Food Toxins Using Mass Spectrometry","Ahuja V, Singh A, Paul D, Dasgupta D, Urajová P, Ghosh S, Singh R, Sahoo G, Ewe D, Saurav K.","Chem Res Toxicol. 2023 Dec 18;36(12):1834-1863. doi: 10.1021/acs.chemrestox.3c00241. Epub 2023 Dec 7.","Ahuja V","Chem Res Toxicol","2023","2023/12/07","PMC10731662","","10.1021/acs.chemrestox.3c00241"
"41154628","Multi-Omics Alterations in Rat Kidneys upon Chronic Glyphosate Exposure","Chukwubueze F, Reyes CDG, Chávez-Reyes J, Solomon J, Sandilya V, Sahioun S, Marichal-Cancino BA, Mechref Y.","Biomolecules. 2025 Oct 1;15(10):1399. doi: 10.3390/biom15101399.","Chukwubueze F","Biomolecules","2025","2025/10/29","PMC12564323","","10.3390/biom15101399"
"36856429","Association of Lifetime Exposure to Glyphosate and Aminomethylphosphonic Acid (AMPA) with Liver Inflammation and Metabolic Syndrome at Young Adulthood: Findings from the CHAMACOS Study","Eskenazi B, Gunier RB, Rauch S, Kogut K, Perito ER, Mendez X, Limbach C, Holland N, Bradman A, Harley KG, Mills PJ, Mora AM.","Environ Health Perspect. 2023 Mar;131(3):37001. doi: 10.1289/EHP11721. Epub 2023 Mar 1.","Eskenazi B","Environ Health Perspect","2023","2023/03/01","PMC9976611","","10.1289/EHP11721"
"31370250","Roundup(®), but Not Roundup-Ready(®) Corn, Increases Mortality of Drosophila melanogaster","Talyn B, Lemon R, Badoella M, Melchiorre D, Villalobos M, Elias R, Muller K, Santos M, Melchiorre E.","Toxics. 2019 Jul 31;7(3):38. doi: 10.3390/toxics7030038.","Talyn B","Toxics","2019","2019/08/03","PMC6789507","","10.3390/toxics7030038"
"31011160","Assessment of Glyphosate Induced Epigenetic Transgenerational Inheritance of Pathologies and Sperm Epimutations: Generational Toxicology","Kubsad D, Nilsson EE, King SE, Sadler-Riggleman I, Beck D, Skinner MK.","Sci Rep. 2019 Apr 23;9(1):6372. doi: 10.1038/s41598-019-42860-0.","Kubsad D","Sci Rep","2019","2019/04/24","PMC6476885","","10.1038/s41598-019-42860-0"
"39234181","Neuroglycome alterations of hippocampus and prefrontal cortex of juvenile rats chronically exposed to glyphosate-based herbicide","Solomon J, Gutierrez-Reyes CD, Chávez-Reyes J, Onigbinde S, Marichal-Cancino BA, López-Lariz CH, Beck M, Mechref Y.","Front Neurosci. 2024 Aug 21;18:1442772. doi: 10.3389/fnins.2024.1442772. eCollection 2024.","Solomon J","Front Neurosci","2024","2024/09/05","PMC11371619","","10.3389/fnins.2024.1442772"
"40521127","A systematic review of the effects of nanoplastics on fish","Dasmahapatra AK, Chatterjee J, Tchounwou PB.","Front Toxicol. 2025 May 30;7:1530209. doi: 10.3389/ftox.2025.1530209. eCollection 2025.","Dasmahapatra AK","Front Toxicol","2025","2025/06/16","PMC12163001","","10.3389/ftox.2025.1530209"
"32626449","Advancing human health risk assessment","Lanzoni A, Castoldi AF, Kass GE, Terron A, De Seze G, Bal-Price A, Bois FY, Delclos KB, Doerge DR, Fritsche E, Halldorsson T, Kolossa-Gehring M, Hougaard Bennekou S, Koning F, Lampen A, Leist M, Mantus E, Rousselle C, Siegrist M, Steinberg P, Tritscher A, Van de Water B, Vineis P, Walker N, Wallace H, Whelan M, Younes M.","EFSA J. 2019 Jul 8;17(Suppl 1):e170712. doi: 10.2903/j.efsa.2019.e170712. eCollection 2019 Jul.","Lanzoni A","EFSA J","2019","2020/07/07","PMC7015480","","10.2903/j.efsa.2019.e170712"
"37588599","The interplay of oxidative stress and immune dysfunction in Hashimoto's thyroiditis and polycystic ovary syndrome: a comprehensive review","Batóg G, Dołoto A, Bąk E, Piątkowska-Chmiel I, Krawiec P, Pac-Kożuchowska E, Herbet M.","Front Immunol. 2023 Jul 31;14:1211231. doi: 10.3389/fimmu.2023.1211231. eCollection 2023.","Batóg G","Front Immunol","2023","2023/08/17","PMC10426741","","10.3389/fimmu.2023.1211231"
"41102274","Quantitative phenolic profiling and protective effects of grape seed extract on mancozeb-induced cellular and genetic toxicity","Uslu K, Çavuşoğlu K, Yalçın E.","Sci Rep. 2025 Oct 16;15(1):36249. doi: 10.1038/s41598-025-20204-5.","Uslu K","Sci Rep","2025","2025/10/16","PMC12533059","","10.1038/s41598-025-20204-5"
"","Administrative content — journal masthead, notices, indexes, etc.","","Environ Health Perspect. 1995 Jan;103(1).","","Environ Health Perspect","1995","","PMC1519061","",""
"33717997","Analysis of the biochemical and histopathological impact of a mild dose of commercial malathion on Channa punctatus (Bloch) fish","Bharti S, Rasool F.","Toxicol Rep. 2021 Feb 25;8:443-455. doi: 10.1016/j.toxrep.2021.02.018. eCollection 2021.","Bharti S","Toxicol Rep","2021","2021/03/15","PMC7933801","","10.1016/j.toxrep.2021.02.018"
"40005055","Balancing Health and Sustainability: Assessing the Benefits of Plant-Based Diets and the Risk of Pesticide Residues","Botnaru AA, Lupu A, Morariu PC, Pop OL, Nedelcu AH, Morariu BA, Cioancă O, Di Gioia ML, Lupu VV, Avasilcai L, Dragostin OM, Vieriu M, Morariu ID.","Nutrients. 2025 Feb 19;17(4):727. doi: 10.3390/nu17040727.","Botnaru AA","Nutrients","2025","2025/02/26","PMC11858420","","10.3390/nu17040727"
"37435307","Effects of microplastics, pesticides and nano-materials on fish health, oxidative stress and antioxidant defense mechanism","Subaramaniyam U, Allimuthu RS, Vappu S, Ramalingam D, Balan R, Paital B, Panda N, Rath PK, Ramalingam N, Sahoo DK.","Front Physiol. 2023 Jun 26;14:1217666. doi: 10.3389/fphys.2023.1217666. eCollection 2023.","Subaramaniyam U","Front Physiol","2023","2023/07/12","PMC10331820","","10.3389/fphys.2023.1217666"
"35847088","Chronic Effects of Dietary Pesticides on the Gut Microbiome and Neurodevelopment","Gama J, Neves B, Pereira A.","Front Microbiol. 2022 Jun 30;13:931440. doi: 10.3389/fmicb.2022.931440. eCollection 2022.","Gama J","Front Microbiol","2022","2022/07/18","PMC9279132","","10.3389/fmicb.2022.931440"
"39519279","Honey Enriched with Additives Alleviates Behavioral, Oxidative Stress, and Brain Alterations Induced by Heavy Metals and Imidacloprid in Zebrafish","Paduraru E, Jijie R, Simionov IA, Gavrilescu CM, Ilie T, Iacob D, Lupitu A, Moisa C, Muresan C, Copolovici L, Copolovici DM, Mihalache G, Lipsa FD, Solcan G, Danelet GA, Nicoara M, Ciobica A, Solcan C.","Int J Mol Sci. 2024 Oct 31;25(21):11730. doi: 10.3390/ijms252111730.","Paduraru E","Int J Mol Sci","2024","2024/11/09","PMC11546825","","10.3390/ijms252111730"
"34068255","Relationship between Autism Spectrum Disorder and Pesticides: A Systematic Review of Human and Preclinical Models","Biosca-Brull J, Pérez-Fernández C, Mora S, Carrillo B, Pinos H, Conejo NM, Collado P, Arias JL, Martín-Sánchez F, Sánchez-Santed F, Colomina MT.","Int J Environ Res Public Health. 2021 May 13;18(10):5190. doi: 10.3390/ijerph18105190.","Biosca-Brull J","Int J Environ Res Public Health","2021","2021/06/02","PMC8153127","","10.3390/ijerph18105190"
"38466325","Imidacloprid disrupts larval molting regulation and nutrient energy metabolism, causing developmental delay in honey bee Apis mellifera","Li Z, Wang Y, Qin Q, Chen L, Dang X, Ma Z, Zhou Z.","Elife. 2024 Mar 11;12:RP88772. doi: 10.7554/eLife.88772.","Li Z","Elife","2024","2024/03/11","PMC10928512","","10.7554/eLife.88772"
"38026841","Assessment of glyphosate and its metabolites' residue concentrations in cultured African Catfish offered for sale in selected markets in Ibadan, Oyo State, Nigeria","Alarape SA, Fagbohun AF, Ipadeola OA, Adeigbo AA, Adesola RO, Adeyemo OK.","Front Toxicol. 2023 Nov 2;5:1250137. doi: 10.3389/ftox.2023.1250137. eCollection 2023.","Alarape SA","Front Toxicol","2023","2023/11/29","PMC10653321","","10.3389/ftox.2023.1250137"
"41262994","Correlation between Early Life Exposure to Regulatory Relevant Doses of Herbicide Mixtures Based on Glyphosate and Development of Liver Dysfunction","Dinca V, Hbous AM, Docea AO, Cercelaru L, Mesnage R, Marginean C, Zlatian O, Rakitskii V, Mitrut R, Antoniou M, Tsatsakis A, Calina D.","Curr Health Sci J. 2025 Apr-Jul;51(2):222-232. doi: 10.12865/CHSJ.51.02.07. Epub 2025 Jun 30.","Dinca V","Curr Health Sci J","2025","2025/11/20","PMC12625794","","10.12865/CHSJ.51.02.07"
"39789436","Effect of folpet on hypoglycaemia, intestinal microbiota, and drug resistance genes in mice","Cao T, Guo Y, Lin L, Wang D, Liu Z, Zou X, Ke Y, Lv Z.","BMC Microbiol. 2025 Jan 9;25(1):11. doi: 10.1186/s12866-024-03725-3.","Cao T","BMC Microbiol","2025","2025/01/09","PMC11715183","","10.1186/s12866-024-03725-3"
"38288328","Interdisciplinary fetal-neonatal neurology training applies neural exposome perspectives to neurology principles and practice","Scher MS.","Front Neurol. 2024 Jan 15;14:1321674. doi: 10.3389/fneur.2023.1321674. eCollection 2023.","Scher MS","Front Neurol","2024","2024/01/30","PMC10824035","","10.3389/fneur.2023.1321674"
"41012424","Heavy Metals and Microplastics as Emerging Contaminants in Bangladesh's River Systems: Evidence from Urban-Industrial Corridors","Das RK, Marma M, Mizan A, Chen G, Alam MS.","Toxics. 2025 Sep 22;13(9):803. doi: 10.3390/toxics13090803.","Das RK","Toxics","2025","2025/09/27","PMC12474336","","10.3390/toxics13090803"
"33613967","Protective effect of melatonin against herbicides-induced hepatotoxicity in rats","Almeida LL, Pitombeira GSGN, Teixeira ÁAC, Teixeira VW, Silva Júnior VA, Vieira Filho LD, Evêncio Neto J.","Toxicol Res (Camb). 2021 Jan 5;10(1):1-10. doi: 10.1093/toxres/tfaa087. eCollection 2021 Jan.","Almeida LL","Toxicol Res (Camb)","2021","2021/02/22","PMC7885194","","10.1093/toxres/tfaa087"
"28149839","Soy-Based Therapeutic Baby Formulas: Testable Hypotheses Regarding the Pros and Cons","Westmark CJ.","Front Nutr. 2017 Jan 18;3:59. doi: 10.3389/fnut.2016.00059. eCollection 2016.","Westmark CJ","Front Nutr","2017","2017/02/03","PMC5241282","","10.3389/fnut.2016.00059"
"40137953","Hazard characterization of the mycotoxins enniatins and beauvericin to identify data gaps and improve risk assessment for human health","Behr AC, Fæste CK, Azqueta A, Tavares AM, Spyropoulou A, Solhaug A, Olsen AK, Vettorazzi A, Mertens B, Zegura B, Streel C, Ndiaye D, Spilioti E, Dubreil E, Buratti FM, Crudo F, Eriksen GS, Snapkow I, Teixeira JP, Rasinger JD, Sanders J, Machera K, Ivanova L, Gaté L, Le Hegarat L, Novak M, Smith NM, Tait S, Fraga S, Hager S, Marko D, Braeuning A, Louro H, Silva MJ, Dirven H, Dietrich J.","Arch Toxicol. 2025 May;99(5):1791-1841. doi: 10.1007/s00204-025-03988-3. Epub 2025 Mar 26.","Behr AC","Arch Toxicol","2025","2025/03/26","PMC12085332","","10.1007/s00204-025-03988-3"
"38450138","Association between urinary glyphosate levels and hand grip strength in a representative sample of US adults: NHANES 2013-2014","Fang YW, Wang C, Lin CY.","Front Public Health. 2024 Feb 21;12:1352570. doi: 10.3389/fpubh.2024.1352570. eCollection 2024.","Fang YW","Front Public Health","2024","2024/03/07","PMC10915012","","10.3389/fpubh.2024.1352570"
"35741448","Chronic Toxicity of Primary Metabolites of Chloroacetamide and Glyphosate to Early Life Stages of Marbled Crayfish Procambarus virginalis","Tresnakova N, Kubec J, Stara A, Zuskova E, Faggio C, Kouba A, Velisek J.","Biology (Basel). 2022 Jun 17;11(6):927. doi: 10.3390/biology11060927.","Tresnakova N","Biology (Basel)","2022","2022/06/24","PMC9219952","","10.3390/biology11060927"
"40567400","Genotoxic activity of glyphosate and co-formulants in glyphosate-based herbicides assessed by the micronucleus test in human mononuclear white blood cells","Makame KR, Aljaber Y, Sherif M, Ádám B, Nagy K.","Toxicol Rep. 2025 Jun 3;14:102063. doi: 10.1016/j.toxrep.2025.102063. eCollection 2025 Jun.","Makame KR","Toxicol Rep","2025","2025/06/26","PMC12192614","","10.1016/j.toxrep.2025.102063"
"33547360","Low-dose exposure of glyphosate-based herbicides disrupt the urine metabolome and its interaction with gut microbiota","Hu J, Lesseur C, Miao Y, Manservisi F, Panzacchi S, Mandrioli D, Belpoggi F, Chen J, Petrick L.","Sci Rep. 2021 Feb 5;11(1):3265. doi: 10.1038/s41598-021-82552-2.","Hu J","Sci Rep","2021","2021/02/06","PMC7864973","","10.1038/s41598-021-82552-2"
"37999548","Pesticide-Induced Inflammation at a Glance","Lopes-Ferreira M, Farinha LRL, Costa YSO, Pinto FJ, Disner GR, da Rosa JGDS, Lima C.","Toxics. 2023 Oct 31;11(11):896. doi: 10.3390/toxics11110896.","Lopes-Ferreira M","Toxics","2023","2023/11/24","PMC10675742","","10.3390/toxics11110896"
"40711021","Neonicotinoid-Induced Cytotoxicity: Insights into Cellular Mechanisms and Health Risks","Ma Y, Wang Q.","Toxics. 2025 Jul 9;13(7):576. doi: 10.3390/toxics13070576.","Ma Y","Toxics","2025","2025/07/25","PMC12300005","","10.3390/toxics13070576"
"30312460","Atrazine Exposure Influences Immunity in the Blue Dasher Dragonfly, Pachydiplax longipennis (Odonata: Libellulidae)","St Clair CR, Fuller CA.","J Insect Sci. 2018 Sep 1;18(5):12. doi: 10.1093/jisesa/iey095.","St Clair CR","J Insect Sci","2018","2018/10/13","PMC6181197","","10.1093/jisesa/iey095"
"35773603","Glyphosate-induced liver and kidney dysfunction, oxidative stress, immunosuppression in Nile tilapia, but ginger showed a protection role","Abdelmagid AD, Said AM, Abd El-Gawad EA, Shalaby SA, Dawood MAO.","Vet Res Commun. 2023 Jun;47(2):445-455. doi: 10.1007/s11259-022-09961-0. Epub 2022 Jun 30.","Abdelmagid AD","Vet Res Commun","2023","2022/06/30","PMC10209248","","10.1007/s11259-022-09961-0"
"38089067","Deteriorating microbiomes in agriculture - the unintended effects of pesticides on microbial life","Daisley BA, Chernyshova AM, Thompson GJ, Allen-Vercoe E.","Microbiome Res Rep. 2022 Jan 25;1(1):6. doi: 10.20517/mrr.2021.08. eCollection 2022.","Daisley BA","Microbiome Res Rep","2022","2023/12/13","PMC10714300","","10.20517/mrr.2021.08"
"37760868","Pollutants, including Organophosphorus and Organochloride Pesticides, May Increase the Risk of Cardiac Remodeling and Atrial Fibrillation: A Narrative Review","Le Quilliec E, Fundere A, Al-U'datt DGF, Hiram R.","Biomedicines. 2023 Aug 30;11(9):2427. doi: 10.3390/biomedicines11092427.","Le Quilliec E","Biomedicines","2023","2023/09/28","PMC10525278","","10.3390/biomedicines11092427"
"38003228","Exposure to Chlorpyrifos Alters Proliferation, Differentiation and Fatty Acid Uptake in 3T3-L1 Cells","Czajka M, Sawicki K, Matysiak-Kucharek M, Kruszewski M, Kurzepa J, Wojtyła-Buciora P, Kapka-Skrzypczak L.","Int J Mol Sci. 2023 Nov 7;24(22):16038. doi: 10.3390/ijms242216038.","Czajka M","Int J Mol Sci","2023","2023/11/25","PMC10671786","","10.3390/ijms242216038"
"29228398","Organophosphorus Compounds at 80: Some Old and New Issues","Costa LG.","Toxicol Sci. 2018 Mar 1;162(1):24-35. doi: 10.1093/toxsci/kfx266.","Costa LG","Toxicol Sci","2018","2017/12/12","PMC6693380","","10.1093/toxsci/kfx266"
"41420751","The Neuroimmunology of Autism","Varia J, Herbert M, Hooker B.","Mol Neurobiol. 2025 Dec 20;63(1):316. doi: 10.1007/s12035-025-05589-8.","Varia J","Mol Neurobiol","2025","2025/12/20","PMC12718276","","10.1007/s12035-025-05589-8"
"40692545","Subchronic Chlorpyrifos Exposure Induces Thyroid Follicular Cell Pyroptosis to Exacerbate Thyroid Toxicity by Modulating Nrf2/Keap1/NF-κB Pathway in Male Mice","Gu B, Chen Y, Xu H, Zhan K, Zhu K, Luo H, Huang Y, Zeng H, Zheng W, Tian K, Ruan H.","J Inflamm Res. 2025 Jul 15;18:9307-9320. doi: 10.2147/JIR.S523861. eCollection 2025.","Gu B","J Inflamm Res","2025","2025/07/22","PMC12277183","","10.2147/JIR.S523861"
"28426942","Polychlorinated biphenyl and polybrominated diphenyl ether profiles in serum from cattle, sheep, and goats across California","Sethi S, Chen X, Kass PH, Puschner B.","Chemosphere. 2017 Aug;181:63-73. doi: 10.1016/j.chemosphere.2017.04.059. Epub 2017 Apr 14.","Sethi S","Chemosphere","2017","2017/04/21","PMC5494844","NIHMS869410","10.1016/j.chemosphere.2017.04.059"
"36668893","The Mechanism of Houttuynia cordata Embryotoxicity Was Explored in Combination with an Experimental Model and Network Pharmacology","Liu Y, Yang G, Yang C, Shi Z, Ru Y, Shen N, Xiao C, Wang Y, Gao Y.","Toxins (Basel). 2023 Jan 13;15(1):73. doi: 10.3390/toxins15010073.","Liu Y","Toxins (Basel)","2023","2023/01/20","PMC9864403","","10.3390/toxins15010073"
"33569432","Renal tubular injury induced by glyphosate combined with hard water: the role of cytosolic phospholipase A2","Wang R, Chen J, Ding F, Zhang L, Wu X, Wan Y, Hu J, Zhang X, Wu Q.","Ann Transl Med. 2021 Jan;9(2):130. doi: 10.21037/atm-20-7739.","Wang R","Ann Transl Med","2021","2021/02/11","PMC7867956","","10.21037/atm-20-7739"
"37588886","Global trends and hotspots of gastrointestinal microbiome and toxicity based on bibliometrics","Duan J, Liu C, Bai X, Zhao X, Jiang T.","Front Microbiol. 2023 Jul 31;14:1231372. doi: 10.3389/fmicb.2023.1231372. eCollection 2023.","Duan J","Front Microbiol","2023","2023/08/17","PMC10425535","","10.3389/fmicb.2023.1231372"
"40710973","Toxicological Effects of Glufosinate-Ammonium-Containing Commercial Formulations on Biomphalaria glabrata in Aquatic Environments: A Multidimensional Study from Embryotoxicity to Histopathology","Qian Y, Xu J, Feng Y, Weng R, Chen K, Zheng H, Li X, Zhao Q, Zhang X, Li H.","Toxics. 2025 Jun 24;13(7):528. doi: 10.3390/toxics13070528.","Qian Y","Toxics","2025","2025/07/25","PMC12300074","","10.3390/toxics13070528"
"40698337","Updated consumer risk assessment of fluoride in food and drinking water including the contribution from other sources of oral exposure","EFSA Scientific Committee; Bennekou SH, Allende A, Bearth A, Casacuberta J, Castle L, Coja T, Crépet A, Hoogenboom R, Knutsen H, Lambré C, Nielsen SS, Turck D, Civera AV, Villa R, Zorn H, Castenmiller J, Cheyns K, Darney K, Gilbert M, Leblanc JC, Meyer H, Ntzani E, Paparella M, Vinceti M, Wallace H, Anastassiadou M, Bastaki M, Cattaneo I, Greco L, Lanzoni A, Riolo F, Mosbach-Schulz O, Terron A, Halldorsson T.","EFSA J. 2025 Jul 22;23(7):e9478. doi: 10.2903/j.efsa.2025.9478. eCollection 2025 Jul.","EFSA Scientific Committee","EFSA J","2025","2025/07/23","PMC12280829","","10.2903/j.efsa.2025.9478"
"37328570","Pesticide exposure and the microbiota-gut-brain axis","Matsuzaki R, Gunnigle E, Geissen V, Clarke G, Nagpal J, Cryan JF.","ISME J. 2023 Aug;17(8):1153-1166. doi: 10.1038/s41396-023-01450-9. Epub 2023 Jun 16.","Matsuzaki R","ISME J","2023","2023/06/16","PMC10356795","","10.1038/s41396-023-01450-9"
"41254172","Impact of pesticide diazinon on gastric cancer cell lines and the alteration of cholinergic and serotonergic pathway genes affecting cell proliferation","Ghaemi S, Abedini F, Mousavi A, Ahangari G.","Sci Rep. 2025 Nov 18;15(1):40518. doi: 10.1038/s41598-025-24414-9.","Ghaemi S","Sci Rep","2025","2025/11/18","PMC12627559","","10.1038/s41598-025-24414-9"
"38371781","Systemic Analysis of Glyphosate Impact on Environment and Human Health","Singh R, Shukla A, Kaur G, Girdhar M, Malik T, Mohan A.","ACS Omega. 2024 Jan 30;9(6):6165-6183. doi: 10.1021/acsomega.3c08080. eCollection 2024 Feb 13.","Singh R","ACS Omega","2024","2024/02/19","PMC10870391","","10.1021/acsomega.3c08080"
"35628394","Lifelong Exposure to a Low-Dose of the Glyphosate-Based Herbicide RoundUp(®) Causes Intestinal Damage, Gut Dysbiosis, and Behavioral Changes in Mice","Del Castilo I, Neumann AS, Lemos FS, De Bastiani MA, Oliveira FL, Zimmer ER, Rêgo AM, Hardoim CCP, Antunes LCM, Lara FA, Figueiredo CP, Clarke JR.","Int J Mol Sci. 2022 May 17;23(10):5583. doi: 10.3390/ijms23105583.","Del Castilo I","Int J Mol Sci","2022","2022/05/28","PMC9146949","","10.3390/ijms23105583"
"37834001","The Protective Role of Oleuropein Aglycone against Pesticide-Induced Toxicity in a Human Keratinocytes Cell Model","Leri M, Vasarri M, Barletta E, Schiavone N, Bergonzi MC, Bucciantini M, Degl'Innocenti D.","Int J Mol Sci. 2023 Sep 26;24(19):14553. doi: 10.3390/ijms241914553.","Leri M","Int J Mol Sci","2023","2023/10/14","PMC10572371","","10.3390/ijms241914553"
"37432408","Pharmacological Activity of Flavonoid Quercetin and Its Therapeutic Potential in Testicular Injury","Zhang X, Tang Y, Lu G, Gu J.","Nutrients. 2023 May 8;15(9):2231. doi: 10.3390/nu15092231.","Zhang X","Nutrients","2023","2023/07/11","PMC10181015","","10.3390/nu15092231"
"40949191","Exploring Fungal Biodegradation Pathways of 2,4-D: Enzymatic Mechanisms, Synergistic Actions, and Environmental Applications","Barros do Nascimento AC, Nhampossa NA, Félix TP, Itabaiana I Jr, do Nascimento RP.","ACS Omega. 2025 Aug 25;10(35):39398-39414. doi: 10.1021/acsomega.5c05161. eCollection 2025 Sep 9.","Barros do Nascimento AC","ACS Omega","2025","2025/09/15","PMC12423865","","10.1021/acsomega.5c05161"
"41302903","The Effects of Silver and Potassium Iodide on Honey Bee (Apis mellifera) Learning","Wincheski RJ, Mathews T, Wells H, Sheaff RJ, Anderson LA, Grice JW, Abramson CI.","Insects. 2025 Nov 12;16(11):1157. doi: 10.3390/insects16111157.","Wincheski RJ","Insects","2025","2025/11/27","PMC12653208","","10.3390/insects16111157"
"28198206","Nitraria retusa fruit prevents penconazole-induced kidney injury in adult rats through modulation of oxidative stress and histopathological changes","Chaâbane M, Koubaa M, Soudani N, Elwej A, Grati M, Jamoussi K, Boudawara T, Ellouze Chaabouni S, Zeghal N.","Pharm Biol. 2017 Dec;55(1):1061-1073. doi: 10.1080/13880209.2016.1278455.","Chaâbane M","Pharm Biol","2017","2017/02/16","PMC6130529","","10.1080/13880209.2016.1278455"
"40155766","The relationship between urinary glyphosate and all-cause and specific-cause mortality: a prospective study","Chen Y, Wu Z, Li M, Wu Y.","Sci Rep. 2025 Mar 28;15(1):10759. doi: 10.1038/s41598-025-95139-y.","Chen Y","Sci Rep","2025","2025/03/29","PMC11953284","","10.1038/s41598-025-95139-y"
"28374158","Glyphosate toxicity and carcinogenicity: a review of the scientific basis of the European Union assessment and its differences with IARC","Tarazona JV, Court-Marques D, Tiramani M, Reich H, Pfeil R, Istace F, Crivellente F.","Arch Toxicol. 2017 Aug;91(8):2723-2743. doi: 10.1007/s00204-017-1962-5. Epub 2017 Apr 3.","Tarazona JV","Arch Toxicol","2017","2017/04/05","PMC5515989","","10.1007/s00204-017-1962-5"
"39195691","Mixtures of Micro and Nanoplastics and Contaminants of Emerging Concern in Environment: What We Know about Their Toxicological Effects","Bastante-Rabadán M, Boltes K.","Toxics. 2024 Aug 13;12(8):589. doi: 10.3390/toxics12080589.","Bastante-Rabadán M","Toxics","2024","2024/08/28","PMC11359687","","10.3390/toxics12080589"
"34540831","Human Embryos, Induced Pluripotent Stem Cells, and Organoids: Models to Assess the Effects of Environmental Plastic Pollution","Miloradovic D, Pavlovic D, Jankovic MG, Nikolic S, Papic M, Milivojevic N, Stojkovic M, Ljujic B.","Front Cell Dev Biol. 2021 Sep 3;9:709183. doi: 10.3389/fcell.2021.709183. eCollection 2021.","Miloradovic D","Front Cell Dev Biol","2021","2021/09/20","PMC8446652","","10.3389/fcell.2021.709183"
"40091751","A systematic review/meta-analysis of xenobiotics in apple products highlights lack of compliance with European Food Safety Authority Regulation","Noel A, Guéant-Rodriguez RM, Cachard O, Kouche SE, Graindorge PH, Wanny NE, Alpers DH, Grova N, Guéant JL.","Compr Rev Food Sci Food Saf. 2025 Mar;24(2):e70153. doi: 10.1111/1541-4337.70153.","Noel A","Compr Rev Food Sci Food Saf","2025","2025/03/17","PMC11911976","","10.1111/1541-4337.70153"
"38890925","Glyphosate as a Food Contaminant: Main Sources, Detection Levels, and Implications for Human and Public Health","de Morais Valentim JMB, Coradi C, Viana NP, Fagundes TR, Micheletti PL, Gaboardi SC, Fadel B, Pizzatti L, Candiotto LZP, Panis C.","Foods. 2024 May 28;13(11):1697. doi: 10.3390/foods13111697.","de Morais Valentim JMB","Foods","2024","2024/06/19","PMC11171990","","10.3390/foods13111697"
"40558866","Neurotoxic Effects of Pesticides: Implications for Neurodegenerative and Neurobehavioral Disorders","Botnaru AA, Lupu A, Morariu PC, Jităreanu A, Nedelcu AH, Morariu BA, Anton E, Di Gioia ML, Lupu VV, Dragostin OM, Vieriu M, Morariu ID.","J Xenobiot. 2025 Jun 1;15(3):83. doi: 10.3390/jox15030083.","Botnaru AA","J Xenobiot","2025","2025/06/25","PMC12193934","","10.3390/jox15030083"
"37681856","Mitochondria in the Spotlight: C. elegans as a Model Organism to Evaluate Xenobiotic-Induced Dysfunction","Martins AC, Virgolini MB, Ávila DS, Scharf P, Li J, Tinkov AA, Skalny AV, Bowman AB, Rocha JBT, Aschner M.","Cells. 2023 Aug 22;12(17):2124. doi: 10.3390/cells12172124.","Martins AC","Cells","2023","2023/09/08","PMC10486742","","10.3390/cells12172124"
"37368599","Triazine Herbicide and NPK Fertilizer Exposure: Accumulation of Heavy Metals and Rare Earth Elements, Effects on Cuticle Melanization, and Immunocompetence in the Model Species Tenebrio molitor","Naccarato A, Vommaro ML, Amico D, Sprovieri F, Pirrone N, Tagarelli A, Giglio A.","Toxics. 2023 Jun 1;11(6):499. doi: 10.3390/toxics11060499.","Naccarato A","Toxics","2023","2023/06/27","PMC10300948","","10.3390/toxics11060499"
"36187965","Contribution of insect gut microbiota and their associated enzymes in insect physiology and biodegradation of pesticides","Jaffar S, Ahmad S, Lu Y.","Front Microbiol. 2022 Sep 14;13:979383. doi: 10.3389/fmicb.2022.979383. eCollection 2022.","Jaffar S","Front Microbiol","2022","2022/10/03","PMC9516005","","10.3389/fmicb.2022.979383"
"38188093","Metabolites in the regulatory risk assessment of pesticides in the EU","Pelkonen O, Abass K, Parra Morte JM, Panzarea M, Testai E, Rudaz S, Louisse J, Gundert-Remy U, Wolterink G, Jean-Lou Cm D, Coecke S, Bernasconi C.","Front Toxicol. 2023 Dec 19;5:1304885. doi: 10.3389/ftox.2023.1304885. eCollection 2023.","Pelkonen O","Front Toxicol","2023","2024/01/08","PMC10770266","","10.3389/ftox.2023.1304885"
"31861431","A Systematic Review of Organic Versus Conventional Food Consumption: Is There a Measurable Benefit on Human Health?","Vigar V, Myers S, Oliver C, Arellano J, Robinson S, Leifert C.","Nutrients. 2019 Dec 18;12(1):7. doi: 10.3390/nu12010007.","Vigar V","Nutrients","2019","2019/12/22","PMC7019963","","10.3390/nu12010007"
"35562999","Toxic Effects of Glyphosate on the Nervous System: A Systematic Review","Costas-Ferreira C, Durán R, Faro LRF.","Int J Mol Sci. 2022 Apr 21;23(9):4605. doi: 10.3390/ijms23094605.","Costas-Ferreira C","Int J Mol Sci","2022","2022/05/14","PMC9101768","","10.3390/ijms23094605"
"","ISEE Young Rennes 2024 Abstracts","","Environ Epidemiol. 2024 Sep 16;8(5 Suppl 1):e327. doi: 10.1097/EE9.0000000000000327. eCollection 2024 Oct.","","Environ Epidemiol","2024","","PMC11409641","","10.1097/EE9.0000000000000327"
"24678255","Glyphosate, pathways to modern diseases II: Celiac sprue and gluten intolerance","Samsel A, Seneff S.","Interdiscip Toxicol. 2013 Dec;6(4):159-84. doi: 10.2478/intox-2013-0026.","Samsel A","Interdiscip Toxicol","2013","2014/03/29","PMC3945755","","10.2478/intox-2013-0026"
"35453610","Estradiol and Estrogen-like Alternative Therapies in Use: The Importance of the Selective and Non-Classical Actions","Farkas S, Szabó A, Hegyi AE, Török B, Fazekas CL, Ernszt D, Kovács T, Zelena D.","Biomedicines. 2022 Apr 6;10(4):861. doi: 10.3390/biomedicines10040861.","Farkas S","Biomedicines","2022","2022/04/23","PMC9029610","","10.3390/biomedicines10040861"
"40508200","From Chromosomal Aberrations to Transcriptome Analysis: Four Decades of Research in Bivalve Genotoxicity","Khatir Z, Leitão A.","Int J Mol Sci. 2025 Jun 4;26(11):5389. doi: 10.3390/ijms26115389.","Khatir Z","Int J Mol Sci","2025","2025/06/13","PMC12156399","","10.3390/ijms26115389"
"37384557","Glyphosate Separating and Sensing for Precision Agriculture and Environmental Protection in the Era of Smart Materials","Mazuryk J, Klepacka K, Kutner W, Sharma PS.","Environ Sci Technol. 2023 Jul 11;57(27):9898-9924. doi: 10.1021/acs.est.3c01269. Epub 2023 Jun 29.","Mazuryk J","Environ Sci Technol","2023","2023/06/29","PMC10339735","","10.1021/acs.est.3c01269"
"39733798","Gut Microbiota: An Important Participant in Childhood Obesity","Luo Y, Li M, Luo D, Tang B.","Adv Nutr. 2025 Feb;16(2):100362. doi: 10.1016/j.advnut.2024.100362. Epub 2024 Dec 28.","Luo Y","Adv Nutr","2025","2024/12/29","PMC11786877","","10.1016/j.advnut.2024.100362"
"39787587","Leveraging Administrative Health Databases to Address Health Challenges in Farming Populations: Scoping Review and Bibliometric Analysis (1975-2024)","Petit P, Vuillerme N.","JMIR Public Health Surveill. 2025 Jan 9;11:e62939. doi: 10.2196/62939.","Petit P","JMIR Public Health Surveill","2025","2025/01/09","PMC11757986","","10.2196/62939"
"","The 7th Congress of Biophysicists of Russia - conference proceedings: Abstracts","","Biophys Rev. 2023 Oct 11;15(5):1425-861. doi: 10.1007/s12551-023-01150-w. eCollection 2023 Oct.","","Biophys Rev","2023","","PMC10643713","","10.1007/s12551-023-01150-w"
"39513787","Emerging Nanomaterials for Drinking Water Purification: A New Era of Water Treatment Technology","Elhenawy S, Khraisheh M, AlMomani F, Al-Ghouti M, Selvaraj R, Al-Muhtaseb A.","Nanomaterials (Basel). 2024 Oct 25;14(21):1707. doi: 10.3390/nano14211707.","Elhenawy S","Nanomaterials (Basel)","2024","2024/11/08","PMC11547847","","10.3390/nano14211707"
"","20th IUPAB International Congress, 45th SBBf Congress and 50th Annual Meeting of SBBq: Poster Abstracts","","Biophys Rev. 2021 Oct 28;13(6):1283-472. doi: 10.1007/s12551-021-00845-2. eCollection 2021 Dec.","","Biophys Rev","2021","","PMC8551951","","10.1007/s12551-021-00845-2"
"","Environmental and Occupational Health","Tulchinsky TH, Varavikova EA.","The New Public Health. 2014:471-533. doi: 10.1016/B978-0-12-415766-8.00009-4. Epub 2014 Oct 10.","Tulchinsky THVaravikova EA","The New Public Health","2014","","PMC7170206","","10.1016/B978-0-12-415766-8.00009-4"
"","Posters","","FEBS Open Bio. 2025 Jul 29;15(Suppl 2):67-527. doi: 10.1002/2211-5463.70071. eCollection 2025 Jul.","","FEBS Open Bio","2025","","PMC12307969","","10.1002/2211-5463.70071"
"34783606","Emerging technologies and their impact on regulatory science","Anklam E, Bahl MI, Ball R, Beger RD, Cohen J, Fitzpatrick S, Girard P, Halamoda-Kenzaoui B, Hinton D, Hirose A, Hoeveler A, Honma M, Hugas M, Ishida S, Kass GE, Kojima H, Krefting I, Liachenko S, Liu Y, Masters S, Marx U, McCarthy T, Mercer T, Patri A, Pelaez C, Pirmohamed M, Platz S, Ribeiro AJ, Rodricks JV, Rusyn I, Salek RM, Schoonjans R, Silva P, Svendsen CN, Sumner S, Sung K, Tagle D, Tong L, Tong W, Eijnden-van-Raaij JVD, Vary N, Wang T, Waterton J, Wang M, Wen H, Wishart D, Yuan Y, Slikker W Jr.","Exp Biol Med (Maywood). 2022 Jan;247(1):1-75. doi: 10.1177/15353702211052280. Epub 2021 Nov 16.","Anklam E","Exp Biol Med (Maywood)","2022","2021/11/16","PMC8749227","","10.1177/15353702211052280"
"","Posters","","FEBS Open Bio. 2024 Jun 26;14(Suppl 2):92-516. doi: 10.1002/2211-5463.13837. eCollection 2024 Jun.","","FEBS Open Bio","2024","","PMC11208286","","10.1002/2211-5463.13837"
"39100921","What are the 100 most cited fungal genera?","Bhunjun CS, Chen YJ, Phukhamsakda C, Boekhout T, Groenewald JZ, McKenzie EHC, Francisco EC, Frisvad JC, Groenewald M, Hurdeal VG, Luangsa-Ard J, Perrone G, Visagie CM, Bai FY, Błaszkowski J, Braun U, de Souza FA, de Queiroz MB, Dutta AK, Gonkhom D, Goto BT, Guarnaccia V, Hagen F, Houbraken J, Lachance MA, Li JJ, Luo KY, Magurno F, Mongkolsamrit S, Robert V, Roy N, Tibpromma S, Wanasinghe DN, Wang DQ, Wei DP, Zhao CL, Aiphuk W, Ajayi-Oyetunde O, Arantes TD, Araujo JC, Begerow D, Bakhshi M, Barbosa RN, Behrens FH, Bensch K, Bezerra JDP, Bilański P, Bradley CA, Bubner B, Burgess TI, Buyck B, Čadež N, Cai L, Calaça FJS, Campbell LJ, Chaverri P, Chen YY, Chethana KWT, Coetzee B, Costa MM, Chen Q, Custódio FA, Dai YC, Damm U, Santiago ALCMA, De Miccolis Angelini RM, Dijksterhuis J, Dissanayake AJ, Doilom M, Dong W, Álvarez-Duarte E, Fischer M, Gajanayake AJ, Gené J, Gomdola D, Gomes AAM, Hausner G, He MQ, Hou L, Iturrieta-González I, Jami F, Jankowiak R, Jayawardena RS, Kandemir H, Kiss L, Kobmoo N, Kowalski T, Landi L, Lin CG, Liu JK, Liu XB, Loizides M, Luangharn T, Maharachchikumbura SSN, Mkhwanazi GJM, Manawasinghe IS, Marin-Felix Y, McTaggart AR, Moreau PA, Morozova OV, et al.","Stud Mycol. 2024 Jul;108:1-411. doi: 10.3114/sim.2024.108.01. Epub 2024 Jul 15.","Bhunjun CS","Stud Mycol","2024","2024/08/05","PMC11293126","","10.3114/sim.2024.108.01"
"","Posters","","FEBS Open Bio. 2023 Jun 28;13(Suppl 2):61-258. doi: 10.1002/2211-5463.13646. eCollection 2023 Jul.","","FEBS Open Bio","2023","","PMC10300527","","10.1002/2211-5463.13646"
"","2017 Peripheral Nerve Society Meeting July 8–12, 2017 Sitges, Barcelona, Spain","","J Peripher Nerv Syst. 2017 Sep;22(3):226-414. doi: 10.1111/jns.12225. Epub 2017 Jun 22.","","J Peripher Nerv Syst","2017","","PMC7166380","","10.1111/jns.12225"
"","Abstracts from the 56th European Society of Human Genetics (ESHG) Conference: Hybrid Posters","","Eur J Hum Genet. 2024 Jan;32(Suppl 1):349-795. doi: 10.1038/s41431-023-01482-x. Epub 2024 Jan 4.","","Eur J Hum Genet","2024","","PMC10772074","","10.1038/s41431-023-01482-x"
"41155135","Neurochemical Remodelling of the Enteric Nervous System Neurons in the Porcine Jejunum Following Low-Dose Glyphosate Exposure","Palus K, Karpiesiuk A, Jana B.","Int J Mol Sci. 2025 Oct 10;26(20):9840. doi: 10.3390/ijms26209840.","Palus K","Int J Mol Sci","2025","2025/10/29","PMC12564263","","10.3390/ijms26209840"
"38632282","Glyphosate-induced changes in the expression of galanin and GALR1, GALR2 and GALR3 receptors in the porcine small intestine wall","Palus K, Chmielewska-Krzesińska M, Jana B, Całka J.","Sci Rep. 2024 Apr 17;14(1):8905. doi: 10.1038/s41598-024-59581-8.","Palus K","Sci Rep","2024","2024/04/17","PMC11024183","","10.1038/s41598-024-59581-8"
"38488555","Glyphosate as a direct or indirect activator of pro-inflammatory signaling and cognitive impairment","Izumi Y, O'Dell KA, Zorumski CF.","Neural Regen Res. 2024 Oct 1;19(10):2212-2218. doi: 10.4103/1673-5374.391331. Epub 2023 Dec 21.","Izumi Y","Neural Regen Res","2024","2024/03/15","PMC11034589","","10.4103/1673-5374.391331"
"40873538","Pre and postnatal exposure to glyphosate-based herbicides and potential neurodevelopmental outcomes: a systematic review of animal and epidemiological studies","Dos Santos NR, Bah HAF, Gomes-Júnior EA, Martinez VO, Costa DO, Pires EM, Menezes-Filho JA.","Toxicol Res. 2025 May 9;41(5):417-436. doi: 10.1007/s43188-025-00294-z. eCollection 2025 Sep.","Dos Santos NR","Toxicol Res","2025","2025/08/28","PMC12379203","","10.1007/s43188-025-00294-z"
"37493357","Urinary Glyphosate Concentrations among Pregnant Participants in a Randomized, Crossover Trial of Organic and Conventional Diets","Hyland C, Spivak M, Sheppard L, Lanphear BP, Antoniou M, Ospina M, Calafat AM, Curl CL.","Environ Health Perspect. 2023 Jul;131(7):77005. doi: 10.1289/EHP12155. Epub 2023 Jul 26.","Hyland C","Environ Health Perspect","2023","2023/07/26","PMC10370340","","10.1289/EHP12155"
"41104042","The microbiota-gut-brain axis in mental and neurodegenerative disorders: opportunities for prevention and intervention","Yassin LK, Skrabulyte-Barbulescu J, Alshamsi SH, Saeed S, Alkuwaiti SH, Almazrouei S, Alnuaimi A, BaniYas S, Aldhaheri D, Alderei M, Shehab S, Hamad MIK.","Front Aging Neurosci. 2025 Oct 1;17:1667448. doi: 10.3389/fnagi.2025.1667448. eCollection 2025.","Yassin LK","Front Aging Neurosci","2025","2025/10/17","PMC12521449","","10.3389/fnagi.2025.1667448"
"35897073","Glyphosate infiltrates the brain and increases pro-inflammatory cytokine TNFα: implications for neurodegenerative disorders","Winstone JK, Pathak KV, Winslow W, Piras IS, White J, Sharma R, Huentelman MJ, Pirrotte P, Velazquez R.","J Neuroinflammation. 2022 Jul 28;19(1):193. doi: 10.1186/s12974-022-02544-5.","Winstone JK","J Neuroinflammation","2022","2022/07/27","PMC9331154","","10.1186/s12974-022-02544-5"
"35356729","Is the Use of Glyphosate in Modern Agriculture Resulting in Increased Neuropsychiatric Conditions Through Modulation of the Gut-brain-microbiome Axis?","Barnett JA, Bandy ML, Gibson DL.","Front Nutr. 2022 Mar 8;9:827384. doi: 10.3389/fnut.2022.827384. eCollection 2022.","Barnett JA","Front Nutr","2022","2022/03/31","PMC8959108","","10.3389/fnut.2022.827384"
"33504065","The Immunopathogenesis of Alzheimer's Disease Is Related to the Composition of Gut Microbiota","Leblhuber F, Ehrlich D, Steiner K, Geisler S, Fuchs D, Lanser L, Kurz K.","Nutrients. 2021 Jan 25;13(2):361. doi: 10.3390/nu13020361.","Leblhuber F","Nutrients","2021","2021/01/28","PMC7912578","","10.3390/nu13020361"
"35252248","Role-Playing Between Environmental Pollutants and Human Gut Microbiota: A Complex Bidirectional Interaction","Giambò F, Costa C, Teodoro M, Fenga C.","Front Med (Lausanne). 2022 Feb 16;9:810397. doi: 10.3389/fmed.2022.810397. eCollection 2022.","Giambò F","Front Med (Lausanne)","2022","2022/03/07","PMC8888443","","10.3389/fmed.2022.810397"
"25024897","Diminished brain resilience syndrome: A modern day neurological pathology of increased susceptibility to mild brain trauma, concussion, and downstream neurodegeneration","Morley WA, Seneff S.","Surg Neurol Int. 2014 Jun 18;5:97. doi: 10.4103/2152-7806.134731. eCollection 2014.","Morley WA","Surg Neurol Int","2014","2014/07/16","PMC4093745","","10.4103/2152-7806.134731"
"37159850","Applications of a powerful model organism Caenorhabditis elegans to study the neurotoxicity induced by heavy metals and pesticides","Melnikov K, Kucharíková S, Bárdyová Z, Botek N, Kaiglová A.","Physiol Res. 2023 Apr 30;72(2):149-166. doi: 10.33549/physiolres.934977.","Melnikov K","Physiol Res","2023","2023/05/09","PMC10226405","","10.33549/physiolres.934977"
"40312370","Gut microbiota and their influence in brain cancer milieu","BharathwajChetty B, Kumar A, Deevi P, Abbas M, Alqahtani A, Liang L, Sethi G, Liu L, Kunnumakkara AB.","J Neuroinflammation. 2025 May 1;22(1):129. doi: 10.1186/s12974-025-03434-2.","BharathwajChetty B","J Neuroinflammation","2025","2025/05/01","PMC12046817","","10.1186/s12974-025-03434-2"
"36235622","Does the Gut Microbial Metabolome Really Matter? The Connection between GUT Metabolome and Neurological Disorders","Marć MA, Jastrząb R, Mytych J.","Nutrients. 2022 Sep 24;14(19):3967. doi: 10.3390/nu14193967.","Marć MA","Nutrients","2022","2022/10/14","PMC9571089","","10.3390/nu14193967"
"38398873","Between Dysbiosis, Maternal Immune Activation and Autism: Is There a Common Pathway?","Suprunowicz M, Tomaszek N, Urbaniak A, Zackiewicz K, Modzelewski S, Waszkiewicz N.","Nutrients. 2024 Feb 16;16(4):549. doi: 10.3390/nu16040549.","Suprunowicz M","Nutrients","2024","2024/02/24","PMC10891846","","10.3390/nu16040549"
"35016706","Maternal and early life exposures and their potential to influence development of the microbiome","Bolte EE, Moorshead D, Aagaard KM.","Genome Med. 2022 Jan 11;14(1):4. doi: 10.1186/s13073-021-01005-7.","Bolte EE","Genome Med","2022","2022/01/12","PMC8751292","","10.1186/s13073-021-01005-7"
"35208851","Probiotics, Prebiotics, and Phytogenic Substances for Optimizing Gut Health in Poultry","Shehata AA, Yalçın S, Latorre JD, Basiouni S, Attia YA, Abd El-Wahab A, Visscher C, El-Seedi HR, Huber C, Hafez HM, Eisenreich W, Tellez-Isaias G.","Microorganisms. 2022 Feb 8;10(2):395. doi: 10.3390/microorganisms10020395.","Shehata AA","Microorganisms","2022","2022/02/25","PMC8877156","","10.3390/microorganisms10020395"
"40394204","The gut-brain axis in early Parkinson's disease: from prodrome to prevention","Oliver PJ, Civitelli L, Hu MT.","J Neurol. 2025 May 21;272(6):413. doi: 10.1007/s00415-025-13138-5.","Oliver PJ","J Neurol","2025","2025/05/20","PMC12092510","","10.1007/s00415-025-13138-5"
"34850242","The Effects of Benoxacor on the Liver and Gut Microbiome of C57BL/6 Mice","Simonsen D, Cady N, Zhang C, Shrode RL, McCormick ML, Spitz DR, Chimenti MS, Wang K, Mangalam A, Lehmler HJ.","Toxicol Sci. 2022 Feb 28;186(1):102-117. doi: 10.1093/toxsci/kfab142.","Simonsen D","Toxicol Sci","2022","2021/12/01","PMC9019840","","10.1093/toxsci/kfab142"
"40687580","Unlocking the dual healing powers of plant-based metallic nanoparticles: managing diabetes and tackling male infertility challenges","Siddiqa A, Qureshi R, Yasmin G, Rafique S, Zafar NU, Hussain CS, Rehman SU, Naheed N.","Front Endocrinol (Lausanne). 2025 Jul 4;16:1482127. doi: 10.3389/fendo.2025.1482127. eCollection 2025.","Siddiqa A","Front Endocrinol (Lausanne)","2025","2025/07/21","PMC12270872","","10.3389/fendo.2025.1482127"
"33377661","Deceptology in cancer and vaccine sciences: Seeds of immune destruction-mini electric shocks in mitochondria: Neuroplasticity-electrobiology of response profiles and increased induced diseases in four generations - A hypothesis","Khatami M.","Clin Transl Med. 2020 Dec;10(8):e215. doi: 10.1002/ctm2.215.","Khatami M","Clin Transl Med","2020","2020/12/30","PMC7749544","","10.1002/ctm2.215"
"34299291","Hidden Role of Gut Microbiome Dysbiosis in Schizophrenia: Antipsychotics or Psychobiotics as Therapeutics?","Munawar N, Ahsan K, Muhammad K, Ahmad A, Anwar MA, Shah I, Al Ameri AK, Al Mughairbi F.","Int J Mol Sci. 2021 Jul 18;22(14):7671. doi: 10.3390/ijms22147671.","Munawar N","Int J Mol Sci","2021","2021/07/24","PMC8307070","","10.3390/ijms22147671"
"36834709","Type I Diabetes Pathoetiology and Pathophysiology: Roles of the Gut Microbiome, Pancreatic Cellular Interactions, and the 'Bystander' Activation of Memory CD8(+) T Cells","Anderson G.","Int J Mol Sci. 2023 Feb 7;24(4):3300. doi: 10.3390/ijms24043300.","Anderson G","Int J Mol Sci","2023","2023/02/25","PMC9964837","","10.3390/ijms24043300"
"40332597","A tiered next-generation risk assessment framework integrating toxicokinetics and NAM-based toxicodynamics: ""proof of concept"" case study using pyrethroids","Fernandez-Agudo A, Tarazona JV.","Arch Toxicol. 2025 Jul;99(7):2759-2781. doi: 10.1007/s00204-025-04045-9. Epub 2025 May 7.","Fernandez-Agudo A","Arch Toxicol","2025","2025/05/07","PMC12198285","","10.1007/s00204-025-04045-9"
"41439238","The microbial strategies for the management of chemical pesticides: A comprehensive review","Kumar A, Solanki MK, Kumar M, Kaushik A, Arya A, Saikia M, Gaur VK, Singh RP, Singh SK, Singh VK, Dufossé L.","Curr Res Microb Sci. 2025 Nov 23;10:100519. doi: 10.1016/j.crmicr.2025.100519. eCollection 2026.","Kumar A","Curr Res Microb Sci","2025","2025/12/24","PMC12719082","","10.1016/j.crmicr.2025.100519"
"37815239","The role of the veterinary diagnostic toxicologist in apiary health","Bischoff K, Moiseff J.","J Vet Diagn Invest. 2023 Nov;35(6):597-616. doi: 10.1177/10406387231203965. Epub 2023 Oct 10.","Bischoff K","J Vet Diagn Invest","2023","2023/10/10","PMC10621547","","10.1177/10406387231203965"
"35908584","An expert-driven literature review of ""negative"" chemicals for developmental neurotoxicity (DNT) in vitro assay evaluation","Martin MM, Baker NC, Boyes WK, Carstens KE, Culbreth ME, Gilbert ME, Harrill JA, Nyffeler J, Padilla S, Friedman KP, Shafer TJ.","Neurotoxicol Teratol. 2022 Sep-Oct;93:107117. doi: 10.1016/j.ntt.2022.107117. Epub 2022 Jul 29.","Martin MM","Neurotoxicol Teratol","2022","2022/07/31","PMC12006915","NIHMS1951532","10.1016/j.ntt.2022.107117"
"40867719","Organic Edible Insects-What Would It Take?","Zanzot A, Copelotti E, Sezzi E, Mancini S.","Animals (Basel). 2025 Aug 14;15(16):2393. doi: 10.3390/ani15162393.","Zanzot A","Animals (Basel)","2025","2025/08/28","PMC12383037","","10.3390/ani15162393"
"37340511","Parkinson's disease: Are gut microbes involved?","Omotosho AO, Tajudeen YA, Oladipo HJ, Yusuff SI, AbdulKadir M, Muili AO, Egbewande OM, Yusuf RO, Faniran ZO, Afolabi AO, El-Sherbini MS.","Brain Behav. 2023 Aug;13(8):e3130. doi: 10.1002/brb3.3130. Epub 2023 Jun 20.","Omotosho AO","Brain Behav","2023","2023/06/20","PMC10454343","","10.1002/brb3.3130"
"38552609","Embracing cancer complexity: Hallmarks of systemic disease","Swanton C, Bernard E, Abbosh C, André F, Auwerx J, Balmain A, Bar-Sagi D, Bernards R, Bullman S, DeGregori J, Elliott C, Erez A, Evan G, Febbraio MA, Hidalgo A, Jamal-Hanjani M, Joyce JA, Kaiser M, Lamia K, Locasale JW, Loi S, Malanchi I, Merad M, Musgrave K, Patel KJ, Quezada S, Wargo JA, Weeraratna A, White E, Winkler F, Wood JN, Vousden KH, Hanahan D.","Cell. 2024 Mar 28;187(7):1589-1616. doi: 10.1016/j.cell.2024.02.009.","Swanton C","Cell","2024","2024/03/29","PMC12077170","NIHMS2076024","10.1016/j.cell.2024.02.009"
"34176071","Biological responses in pesticide exposed lizards (Podarcis siculus)","Simbula G, Moltedo G, Catalano B, Martuccio G, Sebbio C, Onorati F, Stellati L, Bissattini AM, Vignoli L.","Ecotoxicology. 2021 Aug;30(6):1017-1028. doi: 10.1007/s10646-021-02440-3. Epub 2021 Jun 26.","Simbula G","Ecotoxicology","2021","2021/06/27","PMC8295152","","10.1007/s10646-021-02440-3"
"35456757","Varied Composition and Underlying Mechanisms of Gut Microbiome in Neuroinflammation","Farooq RK, Alamoudi W, Alhibshi A, Rehman S, Sharma AR, Abdulla FA.","Microorganisms. 2022 Mar 25;10(4):705. doi: 10.3390/microorganisms10040705.","Farooq RK","Microorganisms","2022","2022/04/23","PMC9032006","","10.3390/microorganisms10040705"
"30823414","Autism Spectrum Disorders and the Gut Microbiota","Fattorusso A, Di Genova L, Dell'Isola GB, Mencaroni E, Esposito S.","Nutrients. 2019 Feb 28;11(3):521. doi: 10.3390/nu11030521.","Fattorusso A","Nutrients","2019","2019/03/03","PMC6471505","","10.3390/nu11030521"
"40667448","Toxicity of glyphosate accelerates neurodegeneration in Caenorhabditis elegans model of Alzheimer's disease","Rani N, Alam MM, Parvez S.","Front Toxicol. 2025 Jul 1;7:1578230. doi: 10.3389/ftox.2025.1578230. eCollection 2025.","Rani N","Front Toxicol","2025","2025/07/16","PMC12259624","","10.3389/ftox.2025.1578230"
"40584038","The microbiota-gut-brain axis and central nervous system diseases: from mechanisms of pathogenesis to therapeutic strategies","Xu J, Lu Y.","Front Microbiol. 2025 Jun 13;16:1583562. doi: 10.3389/fmicb.2025.1583562. eCollection 2025.","Xu J","Front Microbiol","2025","2025/06/30","PMC12202378","","10.3389/fmicb.2025.1583562"
"37367870","Free Radicals and Obesity-Related Chronic Inflammation Contrasted by Antioxidants: A New Perspective in Coronary Artery Disease","Caiati C, Stanca A, Lepera ME.","Metabolites. 2023 May 31;13(6):712. doi: 10.3390/metabo13060712.","Caiati C","Metabolites","2023","2023/06/27","PMC10302379","","10.3390/metabo13060712"
"40427575","Melatonin Interplay in Physiology and Disease-The Fountain of Eternal Youth Revisited","Ortiz-Placín C, Salido GM, González A.","Biomolecules. 2025 May 8;15(5):682. doi: 10.3390/biom15050682.","Ortiz-Placín C","Biomolecules","2025","2025/05/28","PMC12109172","","10.3390/biom15050682"
"36413926","Unraveling the potential human health risks from used disposable face mask-derived micro/nanoplastics during the COVID-19 pandemic scenario: A critical review","Li M, Hou Z, Meng R, Hao S, Wang B.","Environ Int. 2022 Dec;170:107644. doi: 10.1016/j.envint.2022.107644. Epub 2022 Nov 17.","Li M","Environ Int","2022","2022/11/22","PMC9671534","","10.1016/j.envint.2022.107644"
"33504019","Autism Spectrum Disorder from the Womb to Adulthood: Suggestions for a Paradigm Shift","Panisi C, Guerini FR, Abruzzo PM, Balzola F, Biava PM, Bolotta A, Brunero M, Burgio E, Chiara A, Clerici M, Croce L, Ferreri C, Giovannini N, Ghezzo A, Grossi E, Keller R, Manzotti A, Marini M, Migliore L, Moderato L, Moscone D, Mussap M, Parmeggiani A, Pasin V, Perotti M, Piras C, Saresella M, Stoccoro A, Toso T, Vacca RA, Vagni D, Vendemmia S, Villa L, Politi P, Fanos V.","J Pers Med. 2021 Jan 25;11(2):70. doi: 10.3390/jpm11020070.","Panisi C","J Pers Med","2021","2021/01/28","PMC7912683","","10.3390/jpm11020070"
"35493075","Understanding the Role of the Gut Microbiome in Brain Development and Its Association With Neurodevelopmental Psychiatric Disorders","Dash S, Syed YA, Khan MR.","Front Cell Dev Biol. 2022 Apr 14;10:880544. doi: 10.3389/fcell.2022.880544. eCollection 2022.","Dash S","Front Cell Dev Biol","2022","2022/05/02","PMC9048050","","10.3389/fcell.2022.880544"
"39449425","Oxidative Processes and Xenobiotic Metabolism in Plants: Mechanisms of Defense and Potential Therapeutic Implications","Vicidomini C, Palumbo R, Moccia M, Roviello GN.","J Xenobiot. 2024 Oct 18;14(4):1541-1569. doi: 10.3390/jox14040084.","Vicidomini C","J Xenobiot","2024","2024/10/25","PMC11503355","","10.3390/jox14040084"
"34948274","Effects of Pesticides on Longevity and Bioenergetics in Invertebrates-The Impact of Polyphenolic Metabolites","Schmitt F, Babylon L, Dieter F, Eckert GP.","Int J Mol Sci. 2021 Dec 15;22(24):13478. doi: 10.3390/ijms222413478.","Schmitt F","Int J Mol Sci","2021","2021/12/24","PMC8707434","","10.3390/ijms222413478"
"18288322","Perturbation of organogenesis by the herbicide atrazine in the amphibian Xenopus laevis","Lenkowski JR, Reed JM, Deininger L, McLaughlin KA.","Environ Health Perspect. 2008 Feb;116(2):223-30. doi: 10.1289/ehp.10742.","Lenkowski JR","Environ Health Perspect","2008","2008/02/22","PMC2235211","","10.1289/ehp.10742"
"38495751","Genetically Engineered Microorganisms and Their Impact on Human Health","Mahdizade Ari M, Dadgar L, Elahi Z, Ghanavati R, Taheri B.","Int J Clin Pract. 2024 Mar 9;2024:6638269. doi: 10.1155/2024/6638269. eCollection 2024.","Mahdizade Ari M","Int J Clin Pract","2024","2024/03/18","PMC10944348","","10.1155/2024/6638269"
"39940989","The Role of Genetic, Environmental, and Dietary Factors in Alzheimer's Disease: A Narrative Review","Mertaş B, Boşgelmez Iİ.","Int J Mol Sci. 2025 Jan 30;26(3):1222. doi: 10.3390/ijms26031222.","Mertaş B","Int J Mol Sci","2025","2025/02/13","PMC11818526","","10.3390/ijms26031222"
"32009871","Antidepressive Mechanisms of Probiotics and Their Therapeutic Potential","Yong SJ, Tong T, Chew J, Lim WL.","Front Neurosci. 2020 Jan 14;13:1361. doi: 10.3389/fnins.2019.01361. eCollection 2019.","Yong SJ","Front Neurosci","2020","2020/02/04","PMC6971226","","10.3389/fnins.2019.01361"
"41184709","Dietary modulation of the gut microbiome as a supportive strategy in the treatment of amyotrophic lateral sclerosis - a narrative review","Kiecka A, Szczepanik M.","Pharmacol Rep. 2025 Dec;77(6):1514-1526. doi: 10.1007/s43440-025-00800-y. Epub 2025 Nov 4.","Kiecka A","Pharmacol Rep","2025","2025/11/03","PMC12647262","","10.1007/s43440-025-00800-y"
"36937345","Pesticides as a risk factor for cognitive impairment: Natural substances are expected to become alternative measures to prevent and improve cognitive impairment","Wen L, Miao X, Ding J, Tong X, Wu Y, He Y, Zheng F.","Front Nutr. 2023 Feb 24;10:1113099. doi: 10.3389/fnut.2023.1113099. eCollection 2023.","Wen L","Front Nutr","2023","2023/03/20","PMC10016095","","10.3389/fnut.2023.1113099"
"40363695","Molecular Links Between Circadian Rhythm Disruption, Melatonin, and Neurodegenerative Diseases: An Updated Review","Baser KHC, Haskologlu IC, Erdag E.","Molecules. 2025 Apr 23;30(9):1888. doi: 10.3390/molecules30091888.","Baser KHC","Molecules","2025","2025/05/14","PMC12073486","","10.3390/molecules30091888"
"36456693","ACNP 61(st) Annual Meeting: Poster Abstracts P1 - P270","","Neuropsychopharmacology. 2022 Dec;47(Suppl 1):63-219. doi: 10.1038/s41386-022-01484-1.","","Neuropsychopharmacology","2022","2022/12/01","PMC9714397","","10.1038/s41386-022-01484-1"
"40140839","A comprehensive review on the impact of polyphenol supplementation and exercise on depression and brain function parameters","Jie S, Fu A, Wang C, Rajabi S.","Behav Brain Funct. 2025 Mar 26;21(1):10. doi: 10.1186/s12993-025-00273-2.","Jie S","Behav Brain Funct","2025","2025/03/27","PMC11948876","","10.1186/s12993-025-00273-2"
"34072750","Which Is More Toxic? Evaluation of the Short-Term Toxic Effects of Chlorpyrifos and Cypermethrin on Selected Biomarkers in Common Carp (Cyprinus carpio, Linnaeus 1758)","Georgieva E, Yancheva V, Stoyanova S, Velcheva I, Iliev I, Vasileva T, Bivolarski V, Petkova E, László B, Nyeste K, Antal L.","Toxics. 2021 May 31;9(6):125. doi: 10.3390/toxics9060125.","Georgieva E","Toxics","2021","2021/06/02","PMC8229483","","10.3390/toxics9060125"
"","2025 ACVIM Forum Research Abstract Program","","J Vet Intern Med. 2025 Oct 17;39(6):e70258. doi: 10.1111/jvim.70258. eCollection 2025 Nov-Dec.","","J Vet Intern Med","2025","","PMC12531457","","10.1111/jvim.70258"
"41048613","Environmental exposure pathways of microplastics and their toxic effects on ecosystems and the nervous system","Lu K, Que Y, Wang L, Wang Y, Qiu J, Jia Y, Ding C, Wang D, Cheng W, Zhang Y.","Front Toxicol. 2025 Sep 19;7:1649282. doi: 10.3389/ftox.2025.1649282. eCollection 2025.","Lu K","Front Toxicol","2025","2025/10/06","PMC12491214","","10.3389/ftox.2025.1649282"
"39286597","Melatonin in animal husbandry: functions and applications","Zhao R, Bai Y, Yang F.","Front Vet Sci. 2024 Sep 2;11:1444578. doi: 10.3389/fvets.2024.1444578. eCollection 2024.","Zhao R","Front Vet Sci","2024","2024/09/17","PMC11402905","","10.3389/fvets.2024.1444578"
"31590466","A Comprehensive Insight on the Health Benefits and Phytoconstituents of Camellia sinensis and Recent Approaches for Its Quality Control","Aboulwafa MM, Youssef FS, Gad HA, Altyar AE, Al-Azizi MM, Ashour ML.","Antioxidants (Basel). 2019 Oct 6;8(10):455. doi: 10.3390/antiox8100455.","Aboulwafa MM","Antioxidants (Basel)","2019","2019/10/09","PMC6826564","","10.3390/antiox8100455"
"41113649","Comprehensive analysis of vaginal microbiota, metabolites, and inflammatory factors in preterm and term pregnancies","Shen LP, Cai BJ, Guan JX, Peng T, Jin L.","Front Microbiol. 2025 Oct 2;16:1689494. doi: 10.3389/fmicb.2025.1689494. eCollection 2025.","Shen LP","Front Microbiol","2025","2025/10/20","PMC12529939","","10.3389/fmicb.2025.1689494"
"36601680","When the microbiome helps the brain-current evidence","Drljača J, Milošević N, Milanović M, Abenavoli L, Milić N.","CNS Neurosci Ther. 2023 Jun;29 Suppl 1(Suppl 1):43-58. doi: 10.1111/cns.14076. Epub 2023 Jan 4.","Drljača J","CNS Neurosci Ther","2023","2023/01/05","PMC10314113","","10.1111/cns.14076"
"27016037","Role of dietary bioactive natural products in estrogen receptor-positive breast cancer","Bak MJ, Das Gupta S, Wahler J, Suh N.","Semin Cancer Biol. 2016 Oct;40-41:170-191. doi: 10.1016/j.semcancer.2016.03.001. Epub 2016 Mar 22.","Bak MJ","Semin Cancer Biol","2016","2016/03/27","PMC5033666","NIHMS773711","10.1016/j.semcancer.2016.03.001"
"26770138","Nutritional and Metabolic Biomarkers in Autism Spectrum Disorders: An Exploratory Study","Esparham AE, Smith T, Belmont JM, Haden M, Wagner LE, Evans RG, Drisko JA.","Integr Med (Encinitas). 2015 Apr;14(2):40-53.","Esparham AE","Integr Med (Encinitas)","2015","2016/01/16","PMC4566479","",""
"31547903","Abstracts of Scientific Presentations 2019 AALAS National Meeting","","J Am Assoc Lab Anim Sci. 2019 Sep 1;58(5):607-726.","","J Am Assoc Lab Anim Sci","2019","2019/09/25","PMC6774462","",""
"34443668","Effects of Insecticides and Microbiological Contaminants on Apis mellifera Health","Leska A, Nowak A, Nowak I, Górczyńska A.","Molecules. 2021 Aug 22;26(16):5080. doi: 10.3390/molecules26165080.","Leska A","Molecules","2021","2021/08/27","PMC8398688","","10.3390/molecules26165080"
"35281828","Profile of Chromosomal Alterations, Chromosomal Instability and Clonal Heterogeneity in Colombian Farmers Exposed to Pesticides","Meléndez-Flórez MP, Valbuena DS, Cepeda S, Rangel N, Forero-Castro M, Martínez-Agüero M, Rondón-Lagos M.","Front Genet. 2022 Feb 24;13:820209. doi: 10.3389/fgene.2022.820209. eCollection 2022.","Meléndez-Flórez MP","Front Genet","2022","2022/03/14","PMC8908452","","10.3389/fgene.2022.820209"
"35462940","Antidepressant Potential of Quercetin and its Glycoside Derivatives: A Comprehensive Review and Update","Chen S, Tang Y, Gao Y, Nie K, Wang H, Su H, Wang Z, Lu F, Huang W, Dong H.","Front Pharmacol. 2022 Apr 8;13:865376. doi: 10.3389/fphar.2022.865376. eCollection 2022.","Chen S","Front Pharmacol","2022","2022/04/25","PMC9024056","","10.3389/fphar.2022.865376"
"","ACNP 63rd Annual Meeting: Poster Abstracts P1-P304","","Neuropsychopharmacology. 2024 Dec;49(Suppl 1):65-235. doi: 10.1038/s41386-024-02011-0. Epub 2024 Dec 5.","","Neuropsychopharmacology","2024","","PMC11627186","","10.1038/s41386-024-02011-0"
"40559033","Diverse Sublethal Effects of a Common Fungicide Impact the Behavior and Physiology of Honey Bees","Zhang X, Cao Q, Wang F, Du Y, Zhao W, Guo Y, Rueppell O.","Insects. 2025 Jun 8;16(6):603. doi: 10.3390/insects16060603.","Zhang X","Insects","2025","2025/06/25","PMC12193545","","10.3390/insects16060603"
"34575637","Ways to Address Perinatal Mast Cell Activation and Focal Brain Inflammation, including Response to SARS-CoV-2, in Autism Spectrum Disorder","Theoharides TC.","J Pers Med. 2021 Aug 29;11(9):860. doi: 10.3390/jpm11090860.","Theoharides TC","J Pers Med","2021","2021/09/28","PMC8465360","","10.3390/jpm11090860"
"36290275","Feed Safety and the Development of Poultry Intestinal Microbiota","Stanley D, Bajagai YS.","Animals (Basel). 2022 Oct 21;12(20):2890. doi: 10.3390/ani12202890.","Stanley D","Animals (Basel)","2022","2022/10/27","PMC9598862","","10.3390/ani12202890"
"40535104","Treatment of ovarian cancer: From the past to the new era (Review)","Alrosan K, Alrosan AZ, Heilat GB, Alrousan AF, Gammoh OS, Alqudah A, Madae'En S, Alrousan MJ.","Oncol Lett. 2025 Jun 3;30(2):384. doi: 10.3892/ol.2025.15130. eCollection 2025 Aug.","Alrosan K","Oncol Lett","2025","2025/06/19","PMC12174768","","10.3892/ol.2025.15130"
"40710117","Electrochemical (Bio)Sensors for Toxins, Foodborne Pathogens, Pesticides, and Antibiotics Detection: Recent Advances and Challenges in Food Analysis","Feroci M, Grasso G, Dragone R, Curulli A.","Biosensors (Basel). 2025 Jul 21;15(7):468. doi: 10.3390/bios15070468.","Feroci M","Biosensors (Basel)","2025","2025/07/25","PMC12293878","","10.3390/bios15070468"
"38594566","Comparative evaluation of neonicotinoids and their metabolites-induced oxidative stress in carp primary leukocytes and CLC cells","Rymuszka A, Sieroslawska A.","Sci Rep. 2024 Apr 9;14(1):8291. doi: 10.1038/s41598-024-59067-7.","Rymuszka A","Sci Rep","2024","2024/04/09","PMC11004018","","10.1038/s41598-024-59067-7"
"36386468","Emerging biotechnology applications in natural product and synthetic pharmaceutical analyses","Chen S, Li Z, Zhang S, Zhou Y, Xiao X, Cui P, Xu B, Zhao Q, Kong S, Dai Y.","Acta Pharm Sin B. 2022 Nov;12(11):4075-4097. doi: 10.1016/j.apsb.2022.08.025. Epub 2022 Sep 5.","Chen S","Acta Pharm Sin B","2022","2022/11/17","PMC9643291","","10.1016/j.apsb.2022.08.025"
"40961779","Dietary N-acetylcysteine supplementation improves antioxidant capacity and production performance of breeder hens and offspring","Chen S, Han Q, Zhou Z, Gao M, Song J, Zhang B, Guo Y, Lv Z.","Poult Sci. 2025 Nov;104(11):105745. doi: 10.1016/j.psj.2025.105745. Epub 2025 Aug 28.","Chen S","Poult Sci","2025","2025/09/17","PMC12475844","","10.1016/j.psj.2025.105745"
"38899322","Bee pollen as a food and feed supplement and a therapeutic remedy: recent trends in nanotechnology","Anjum SI, Ullah A, Gohar F, Raza G, Khan MI, Hameed M, Ali A, Chen CC, Tlak Gajger I.","Front Nutr. 2024 Jun 4;11:1371672. doi: 10.3389/fnut.2024.1371672. eCollection 2024.","Anjum SI","Front Nutr","2024","2024/06/20","PMC11186459","","10.3389/fnut.2024.1371672"
"40000618","Iron homeostasis and ferroptosis in muscle diseases and disorders: mechanisms and therapeutic prospects","Ru Q, Li Y, Zhang X, Chen L, Wu Y, Min J, Wang F.","Bone Res. 2025 Feb 25;13(1):27. doi: 10.1038/s41413-024-00398-6.","Ru Q","Bone Res","2025","2025/02/25","PMC11861620","","10.1038/s41413-024-00398-6"
"40870634","Chronic Larval Exposure to Lambda-Cyhalothrin Alters Gene Expression in Both Larval and Adult Honey Bees (Apis mellifera)","Vasamsetti BMK, Chon K, Kim J, Choi M, Kim BS, Yoon CY, Hwang S, Park KH.","Insects. 2025 Aug 12;16(8):833. doi: 10.3390/insects16080833.","Vasamsetti BMK","Insects","2025","2025/08/28","PMC12387069","","10.3390/insects16080833"
"36482441","Chronic exposure to the star polycation (SPc) nanocarrier in the larval stage adversely impairs life history traits in Drosophila melanogaster","Yan S, Li N, Guo Y, Chen Y, Ji C, Yin M, Shen J, Zhang J.","J Nanobiotechnology. 2022 Dec 8;20(1):515. doi: 10.1186/s12951-022-01705-1.","Yan S","J Nanobiotechnology","2022","2022/12/09","PMC9730587","","10.1186/s12951-022-01705-1"
"","Administrative content — journal masthead, notices, indexes, etc.","","Proc Natl Acad Sci U S A. 1991 Dec 15;88(24).","","Proc Natl Acad Sci U S A","1991","","PMC400220","",""
"29093983","The Importance of Magnesium in Clinical Healthcare","Schwalfenberg GK, Genuis SJ.","Scientifica (Cairo). 2017;2017:4179326. doi: 10.1155/2017/4179326. Epub 2017 Sep 28.","Schwalfenberg GK","Scientifica (Cairo)","2017","2017/11/03","PMC5637834","","10.1155/2017/4179326"
"38891543","Recent Advances in Conductive Polymers-Based Electrochemical Sensors for Biomedical and Environmental Applications","Pan Y, Zhang J, Guo X, Li Y, Li L, Pan L.","Polymers (Basel). 2024 Jun 4;16(11):1597. doi: 10.3390/polym16111597.","Pan Y","Polymers (Basel)","2024","2024/06/19","PMC11174834","","10.3390/polym16111597"
"","ACNP 62nd Annual Meeting: Panels, Mini-Panels and Study Groups","","Neuropsychopharmacology. 2023 Dec;48(Suppl 1):1-62. doi: 10.1038/s41386-023-01754-6. Epub 2023 Dec 1.","","Neuropsychopharmacology","2023","","PMC10729591","","10.1038/s41386-023-01754-6"
"40234983","Gene therapy breakthroughs in ALS: a beacon of hope for 20% of ALS patients","Xie Q, Li K, Chen Y, Li Y, Jiang W, Cao W, Yu H, Fan D, Deng B.","Transl Neurodegener. 2025 Apr 16;14(1):19. doi: 10.1186/s40035-025-00477-6.","Xie Q","Transl Neurodegener","2025","2025/04/15","PMC12001736","","10.1186/s40035-025-00477-6"
"","ICIMH 2020 Abstracts","","Glob Adv Health Med. 2020 Jun 10;9:2164956120912849. doi: 10.1177/2164956120912849. eCollection 2020.","","Glob Adv Health Med","2020","","PMC7290253","","10.1177/2164956120912849"
"39590438","Impact of Sublethal Insecticides Exposure on Vespa magnifica: Insights from Physiological and Transcriptomic Analyses","Hu Q, Fan S, Liu K, Shi F, Cao X, Lin Y, Meng R, Liu Z.","Insects. 2024 Oct 25;15(11):839. doi: 10.3390/insects15110839.","Hu Q","Insects","2024","2024/11/26","PMC11594290","","10.3390/insects15110839"
"40725097","Synergistic Effects of Amitraz and Dinotefuran on Honey Bee Health: Impacts on Survival, Gene Expression, and Hypopharyngeal Gland Morphology","Esmaeily M, Begna T, Jang H, Kwon S, Jung C.","Int J Mol Sci. 2025 Jul 17;26(14):6850. doi: 10.3390/ijms26146850.","Esmaeily M","Int J Mol Sci","2025","2025/07/29","PMC12296131","","10.3390/ijms26146850"
"33734812","SAN 2019 Abstract Book for ASN Neuro MAY 2020","","ASN Neuro. 2021 Jan-Dec;13:1759091420979851. doi: 10.1177/1759091420979851.","","ASN Neuro","2021","2021/03/18","PMC8718117","","10.1177/1759091420979851"
"38392977","Proteomics-Based Investigation of Different Live Prey Administered to Freshwater Dark Sleeper (Odontobutis potamophila): Examining the Effects on Glycolipids and Energy Metabolism","Zhou Z, Jiang Q, Zheng Y, Hao C, Ding S, Guo M, Zhao Y, Liu G, Miao S.","Metabolites. 2024 Jan 24;14(2):85. doi: 10.3390/metabo14020085.","Zhou Z","Metabolites","2024","2024/02/23","PMC10890520","","10.3390/metabo14020085"
"38012383","Unlocking hidden potential: advancements, approaches, and obstacles in repurposing drugs for cancer therapy","Weth FR, Hoggarth GB, Weth AF, Paterson E, White MPJ, Tan ST, Peng L, Gray C.","Br J Cancer. 2024 Mar;130(5):703-715. doi: 10.1038/s41416-023-02502-9. Epub 2023 Nov 27.","Weth FR","Br J Cancer","2024","2023/11/27","PMC10912636","","10.1038/s41416-023-02502-9"
"","Subject Index","","Proc Natl Acad Sci U S A. 1986;83(Suppl):9877-916.","","Proc Natl Acad Sci U S A","1986","","PMC521751","",""
"","ANCIPS – 2025 – E-POSTERS","","Indian J Psychiatry. 2025 Jan;67(Suppl 1):S135-215.","","Indian J Psychiatry","2025","","PMC11932181","",""
"37627505","Midgut Cell Damage and Oxidative Stress in Partamona helleri (Hymenoptera: Apidae) Workers Caused by the Insecticide Lambda-Cyhalothrin","Motta JVO, Carneiro LS, Martínez LC, Bastos DSS, Resende MTCS, Castro BMC, Neves MM, Zanuncio JC, Serrão JE.","Antioxidants (Basel). 2023 Jul 28;12(8):1510. doi: 10.3390/antiox12081510.","Motta JVO","Antioxidants (Basel)","2023","2023/08/26","PMC10451733","","10.3390/antiox12081510"
"36814500","Shu-Xie decoction alleviates oxidative stress and colon injury in acute sleep-deprived mice by suppressing p62/KEAP1/NRF2/HO1/NQO1 signaling","Wang M, Li B, Liu Y, Zhang M, Huang C, Cai T, Jia Y, Huang X, Ke H, Liu S, Yang S.","Front Pharmacol. 2023 Feb 6;14:1107507. doi: 10.3389/fphar.2023.1107507. eCollection 2023.","Wang M","Front Pharmacol","2023","2023/02/23","PMC9939528","","10.3389/fphar.2023.1107507"
"38715637","Applications of ambient ionization mass spectrometry in 2021: An annual review","Rankin-Turner S, Reynolds JC, Turner MA, Heaney LM.","Anal Sci Adv. 2022 Mar 20;3(3-4):67-89. doi: 10.1002/ansa.202100067. eCollection 2022 Apr.","Rankin-Turner S","Anal Sci Adv","2022","2024/05/08","PMC10989594","","10.1002/ansa.202100067"
"25559822","2013 Annual Report of the American Association of Poison Control Centers' National Poison Data System (NPDS): 31st Annual Report","Mowry JB, Spyker DA, Cantilena LR Jr, McMillan N, Ford M.","Clin Toxicol (Phila). 2014 Dec;52(10):1032-283. doi: 10.3109/15563650.2014.987397.","Mowry JB","Clin Toxicol (Phila)","2014","2015/01/07","PMC4782684","","10.3109/15563650.2014.987397"
"37153228","Chronic larval exposure to thiacloprid impairs honeybee antennal selectivity, learning and memory performances","Ke L, Chen X, Dai P, Liu YJ.","Front Physiol. 2023 Apr 20;14:1114488. doi: 10.3389/fphys.2023.1114488. eCollection 2023.","Ke L","Front Physiol","2023","2023/05/08","PMC10157261","","10.3389/fphys.2023.1114488"
"30443735","Molecular imaging with nanoparticles: the dwarf actors revisited 10 years later","Thurner GC, Debbage P.","Histochem Cell Biol. 2018 Dec;150(6):733-794. doi: 10.1007/s00418-018-1753-y. Epub 2018 Nov 16.","Thurner GC","Histochem Cell Biol","2018","2018/11/17","PMC6267421","","10.1007/s00418-018-1753-y"
